Workbook

Sheet Daily_Visit_Log
A1: Date | B1: Day of Week | C1: Month | D1: Check-in Date/Time | E1: Check-out Date/Time | F1: Duration (min) | G1: Account: Registered Company Name | H1: Account: Account SF Id | I1: Account: Pin code | J1: Account: Auto district | K1: Account: Auto taluka | L1: Account: Customer type | M1: Meeting outcome | N1: Check-in Comments | O1: Check-out Comments | P1: Combined Comments | Q1: Comments Word Count | R1: Check-in Coordinates (Latitude) | S1: Check-in Coordinates (Longitude) | T1: Visit Number | U1: Short Visit Flag | V1: Documentation Complete | W1: Time Slot | X1: Same Day Visits | Y1: Duration Band
A2: 45995 | B2: Thursday | C2: Dec 25 | D2: 04/12/2025, 5:09 pm | E2: 04/12/2025, 5:10 pm | F2: =(E2-D2)*24*60 | G2: A.S ENTERPRISES | H2: 001fw00000EVFafAAH | I2: 831003 | J2: EAST SINGHBUM | L2: Retailer PB | M2: Account created | N2: Dealer of Tata tiscon and rungta tmt . Potential of 150 mt. Rates given 55000 landed owner not available | O2: Will connect us . Asking to decide later . Need time . | P2: Dealer of Tata tiscon and rungta tmt . Potential of 150 mt. Rates given 55000 landed owner not available | Will connect us . Asking to decide later . Need time . | Q2: =LEN(TRIM(P2))-LEN(SUBSTITUTE(P2," ",""))+1 | R2: 22.686274 | S2: 85.619466 | T2: =COUNTIF($G$2:G2,G2) | U2: =IF(F2<5,"YES","NO") | V2: =IF(AND(N2<>"",O2<>""),"YES","NO") | W2: =IF(HOUR(D2)<12,"Morning",IF(HOUR(D2)<17,"Afternoon","Evening")) | X2: 6 | Y2: =IF(F2<5,"<5 min",IF(F2<15,"5-15 min",IF(F2<30,"15-30 min","30+ min")))
A3: 45966 | B3: Wednesday | C3: Nov 25 | D3: 05/11/2025, 4:25 pm | E3: 05/11/2025, 4:28 pm | F3: =(E3-D3)*24*60 | G3: AAKASH INDIA PROJECTS & BUILDERS PRIVATE LIMITED | H3: 001J100000Vo0f6IAB | I3: 831012 | J3: EAST SINGHBUM | L3: Retailer PB | M3: Got future date | N3: Contractor of commercial and residential projects . Using panther tiscon and jsw one tmt . Rates given 46000 basic to the customer. | O3: Need time . Will share inquiry for site . Asking to be in touch .Last purcha tiscon @ 64 landed . | P3: Contractor of commercial and residential projects . Using panther tiscon and jsw one tmt . Rates given 46000 basic to the customer. | Need time . Will share inquiry for site . Asking to be in touch .Last purcha tiscon @ 64 landed . | Q3: =LEN(TRIM(P3))-LEN(SUBSTITUTE(P3," ",""))+1 | R3: 22.812093 | S3: 86.215111 | T3: =COUNTIF($G$2:G3,G3) | U3: =IF(F3<5,"YES","NO") | V3: =IF(AND(N3<>"",O3<>""),"YES","NO") | W3: =IF(HOUR(D3)<12,"Morning",IF(HOUR(D3)<17,"Afternoon","Evening")) | X3: 6 | Y3: =IF(F3<5,"<5 min",IF(F3<15,"5-15 min",IF(F3<30,"15-30 min","30+ min")))
A4: 45975 | B4: Friday | C4: Nov 25 | D4: 14/11/2025, 3:58 pm | E4: 14/11/2025, 3:58 pm | F4: =(E4-D4)*24*60 | G4: AAKASH INDIA PROJECTS & BUILDERS PRIVATE LIMITED | H4: 001J100000Vo0f6IAB | I4: 831012 | J4: EAST SINGHBUM | L4: Retailer PB | M4: Got future date | N4: Contractor and engineer of commercial and residential projects . Rates given 59 landed to customer in projects. | O4: Will share inquiry as soon as possible . Waiting | P4: Contractor and engineer of commercial and residential projects . Rates given 59 landed to customer in projects. | Will share inquiry as soon as possible . Waiting | Q4: =LEN(TRIM(P4))-LEN(SUBSTITUTE(P4," ",""))+1 | R4: 22.812105 | S4: 86.215157 | T4: =COUNTIF($G$2:G4,G4) | U4: =IF(F4<5,"YES","NO") | V4: =IF(AND(N4<>"",O4<>""),"YES","NO") | W4: =IF(HOUR(D4)<12,"Morning",IF(HOUR(D4)<17,"Afternoon","Evening")) | X4: 5 | Y4: =IF(F4<5,"<5 min",IF(F4<15,"5-15 min",IF(F4<30,"15-30 min","30+ min")))
A5: 45981 | B5: Thursday | C5: Nov 25 | D5: 20/11/2025, 5:30 pm | E5: 20/11/2025, 5:32 pm | F5: =(E5-D5)*24*60 | G5: AAKASH INDIA PROJECTS & BUILDERS PRIVATE LIMITED | H5: 001J100000Vo0f6IAB | I5: 831012 | J5: EAST SINGHBUM | L5: Retailer PB | M5: Got future date | N5: Contractor of real estate and commercial projects. Using tiscon, panther and rungta tmt . Rates given 55000 landed to the customer. | O5: Will share inquiry after this week as soon received from site. | P5: Contractor of real estate and commercial projects. Using tiscon, panther and rungta tmt . Rates given 55000 landed to the customer. | Will share inquiry after this week as soon received from site. | Q5: =LEN(TRIM(P5))-LEN(SUBSTITUTE(P5," ",""))+1 | R5: 22.812129 | S5: 86.215188 | T5: =COUNTIF($G$2:G5,G5) | U5: =IF(F5<5,"YES","NO") | V5: =IF(AND(N5<>"",O5<>""),"YES","NO") | W5: =IF(HOUR(D5)<12,"Morning",IF(HOUR(D5)<17,"Afternoon","Evening")) | X5: 6 | Y5: =IF(F5<5,"<5 min",IF(F5<15,"5-15 min",IF(F5<30,"15-30 min","30+ min")))
A6: 45994 | B6: Wednesday | C6: Dec 25 | D6: 03/12/2025, 11:41 am | E6: 03/12/2025, 11:43 am | F6: =(E6-D6)*24*60 | G6: AAKASH INDIA PROJECTS & BUILDERS PRIVATE LIMITED | H6: 001J100000Vo0f6IAB | I6: 831012 | J6: EAST SINGHBUM | L6: Retailer PB | M6: Got future date | N6: Contractor of real estate and commercial projects . Rates given 55000 landed to the custumer . Will share inquiry soon | O6: Will connect when inquiry comes from site . Asking to wait . | P6: Contractor of real estate and commercial projects . Rates given 55000 landed to the custumer . Will share inquiry soon | Will connect when inquiry comes from site . Asking to wait . | Q6: =LEN(TRIM(P6))-LEN(SUBSTITUTE(P6," ",""))+1 | R6: 22.811974 | S6: 86.215177 | T6: =COUNTIF($G$2:G6,G6) | U6: =IF(F6<5,"YES","NO") | V6: =IF(AND(N6<>"",O6<>""),"YES","NO") | W6: =IF(HOUR(D6)<12,"Morning",IF(HOUR(D6)<17,"Afternoon","Evening")) | X6: 6 | Y6: =IF(F6<5,"<5 min",IF(F6<15,"5-15 min",IF(F6<30,"15-30 min","30+ min")))
A7: 46013 | B7: Monday | C7: Dec 25 | D7: 22/12/2025, 1:57 pm | E7: 22/12/2025, 1:58 pm | F7: =(E7-D7)*24*60 | G7: AAKASH INDIA PROJECTS & BUILDERS PRIVATE LIMITED | H7: 001J100000Vo0f6IAB | I7: 831012 | J7: EAST SINGHBUM | L7: Retailer PB | M7: Got future date | N7: Contractor of commercial and residential projects. Using tiscon , panther and rungta in his projects . Rates given 56500 landed to the custumer . | O7: Will share us inquiry as soon as received indent from project site . | P7: Contractor of commercial and residential projects. Using tiscon , panther and rungta in his projects . Rates given 56500 landed to the custumer . | Will share us inquiry as soon as received indent from project site . | Q7: =LEN(TRIM(P7))-LEN(SUBSTITUTE(P7," ",""))+1 | R7: 22.811999 | S7: 86.21521 | T7: =COUNTIF($G$2:G7,G7) | U7: =IF(F7<5,"YES","NO") | V7: =IF(AND(N7<>"",O7<>""),"YES","NO") | W7: =IF(HOUR(D7)<12,"Morning",IF(HOUR(D7)<17,"Afternoon","Evening")) | X7: 7 | Y7: =IF(F7<5,"<5 min",IF(F7<15,"5-15 min",IF(F7<30,"15-30 min","30+ min")))
A8: 46020 | B8: Monday | C8: Dec 25 | D8: 29/12/2025, 2:02 pm | E8: 29/12/2025, 2:04 pm | F8: =(E8-D8)*24*60 | G8: AAKASH INDIA PROJECTS & BUILDERS PRIVATE LIMITED | H8: 001J100000Vo0f6IAB | I8: 831012 | J8: EAST SINGHBUM | L8: Retailer PB | M8: Got future date | N8: Ihb commercial and real estate projects contractor. Using jsw one Tata and rungta tmt. Rates given 57000 landed to the customer | O8: Will communicate us when indent of steel comes from working site. | P8: Ihb commercial and real estate projects contractor. Using jsw one Tata and rungta tmt. Rates given 57000 landed to the customer | Will communicate us when indent of steel comes from working site. | Q8: =LEN(TRIM(P8))-LEN(SUBSTITUTE(P8," ",""))+1 | R8: 22.812111 | S8: 86.215148 | T8: =COUNTIF($G$2:G8,G8) | U8: =IF(F8<5,"YES","NO") | V8: =IF(AND(N8<>"",O8<>""),"YES","NO") | W8: =IF(HOUR(D8)<12,"Morning",IF(HOUR(D8)<17,"Afternoon","Evening")) | X8: 6 | Y8: =IF(F8<5,"<5 min",IF(F8<15,"5-15 min",IF(F8<30,"15-30 min","30+ min")))
A9: 46027 | B9: Monday | C9: Jan 26 | D9: 05/01/2026, 6:05 pm | E9: 05/01/2026, 6:07 pm | F9: =(E9-D9)*24*60 | G9: AAKASH INDIA PROJECTS & BUILDERS PRIVATE LIMITED | H9: 001J100000Vo0f6IAB | I9: 831012 | J9: EAST SINGHBUM | L9: Retailer PB | M9: Got future date | N9: IHB commercial real estate projects contactor. Rates given 60000 lanes to the CUSTUMER. | O9: Will connect us when indent received from site. Need to wait. | P9: IHB commercial real estate projects contactor. Rates given 60000 lanes to the CUSTUMER. | Will connect us when indent received from site. Need to wait. | Q9: =LEN(TRIM(P9))-LEN(SUBSTITUTE(P9," ",""))+1 | R9: 22.811999 | S9: 86.215205 | T9: =COUNTIF($G$2:G9,G9) | U9: =IF(F9<5,"YES","NO") | V9: =IF(AND(N9<>"",O9<>""),"YES","NO") | W9: =IF(HOUR(D9)<12,"Morning",IF(HOUR(D9)<17,"Afternoon","Evening")) | X9: 7 | Y9: =IF(F9<5,"<5 min",IF(F9<15,"5-15 min",IF(F9<30,"15-30 min","30+ min")))
A10: 46035 | B10: Tuesday | C10: Jan 26 | D10: 13/01/2026, 7:33 pm | E10: 13/01/2026, 7:42 pm | F10: =(E10-D10)*24*60 | G10: AAKASH INDIA PROJECTS & BUILDERS PRIVATE LIMITED | H10: 001J100000Vo0f6IAB | I10: 831012 | J10: EAST SINGHBUM | L10: Retailer PB | M10: Got future date | N10: Commercial project and real estate projects contactor.Using Tata tiscon, panther and RUNGTA TMT.. Rates given 61500 landed to the CUSTUMER. | O10: Need time. Will share inquiries with us on Mail. Will let us know. | P10: Commercial project and real estate projects contactor.Using Tata tiscon, panther and RUNGTA TMT.. Rates given 61500 landed to the CUSTUMER. | Need time. Will share inquiries with us on Mail. Will let us know. | Q10: =LEN(TRIM(P10))-LEN(SUBSTITUTE(P10," ",""))+1 | R10: 22.812366 | S10: 86.215629 | T10: =COUNTIF($G$2:G10,G10) | U10: =IF(F10<5,"YES","NO") | V10: =IF(AND(N10<>"",O10<>""),"YES","NO") | W10: =IF(HOUR(D10)<12,"Morning",IF(HOUR(D10)<17,"Afternoon","Evening")) | X10: 6 | Y10: =IF(F10<5,"<5 min",IF(F10<15,"5-15 min",IF(F10<30,"15-30 min","30+ min")))
A11: 46041 | B11: Monday | C11: Jan 26 | D11: 19/01/2026, 6:44 pm | E11: 19/01/2026, 6:45 pm | F11: =(E11-D11)*24*60 | G11: AAKASH INDIA PROJECTS & BUILDERS PRIVATE LIMITED | H11: 001J100000Vo0f6IAB | I11: 831012 | J11: EAST SINGHBUM | L11: Retailer PB | M11: Got future date | N11: Contractor and a hietect of real estate commercial projects contactor. Using tiscon and RUNGTA jsw one. Rates given 63000 landed to the CUSTUMER. | O11: Will let us know when inquiry comes from any site. Will connect us. | P11: Contractor and a hietect of real estate commercial projects contactor. Using tiscon and RUNGTA jsw one. Rates given 63000 landed to the CUSTUMER. | Will let us know when inquiry comes from any site. Will connect us. | Q11: =LEN(TRIM(P11))-LEN(SUBSTITUTE(P11," ",""))+1 | R11: 22.812177 | S11: 86.215242 | T11: =COUNTIF($G$2:G11,G11) | U11: =IF(F11<5,"YES","NO") | V11: =IF(AND(N11<>"",O11<>""),"YES","NO") | W11: =IF(HOUR(D11)<12,"Morning",IF(HOUR(D11)<17,"Afternoon","Evening")) | X11: 6 | Y11: =IF(F11<5,"<5 min",IF(F11<15,"5-15 min",IF(F11<30,"15-30 min","30+ min")))
A12: 46057 | B12: Wednesday | C12: Feb 26 | D12: 04/02/2026, 10:47 am | E12: 04/02/2026, 10:48 am | F12: =(E12-D12)*24*60 | G12: AAKASH INDIA PROJECTS & BUILDERS PRIVATE LIMITED | H12: 001J100000Vo0f6IAB | I12: 831012 | J12: EAST SINGHBUM | L12: Retailer PB | M12: Got future date | N12: Contractor and architect using Tata tiscon rungta and panther. Rates given 63 landed for site. Using rungta now. | O12: Will let us know. Purchased rungta @ 55 landed. Will share inquiries of another site also. Asking to wait. | P12: Contractor and architect using Tata tiscon rungta and panther. Rates given 63 landed for site. Using rungta now. | Will let us know. Purchased rungta @ 55 landed. Will share inquiries of another site also. Asking to wait. | Q12: =LEN(TRIM(P12))-LEN(SUBSTITUTE(P12," ",""))+1 | R12: 22.811946 | S12: 86.215211 | T12: =COUNTIF($G$2:G12,G12) | U12: =IF(F12<5,"YES","NO") | V12: =IF(AND(N12<>"",O12<>""),"YES","NO") | W12: =IF(HOUR(D12)<12,"Morning",IF(HOUR(D12)<17,"Afternoon","Evening")) | X12: 2 | Y12: =IF(F12<5,"<5 min",IF(F12<15,"5-15 min",IF(F12<30,"15-30 min","30+ min")))
A13: 45965 | B13: Tuesday | C13: Nov 25 | D13: 04/11/2025, 12:27 pm | E13: 04/11/2025, 12:28 pm | F13: =(E13-D13)*24*60 | G13: AAKRITI CONSULTANTS | H13: 001J100000Vo4iiIAB | I13: 831001 | J13: EAST SINGHBUM | L13: Retailer PB | M13: Got future date | N13: Contractor and architect of ihb commercial and real estate projects . Using panther and Tata. | O13: Rates given 47 basic to the customer. Taking rungta now . Will share inquiry soon . | P13: Contractor and architect of ihb commercial and real estate projects . Using panther and Tata. | Rates given 47 basic to the customer. Taking rungta now . Will share inquiry soon . | Q13: =LEN(TRIM(P13))-LEN(SUBSTITUTE(P13," ",""))+1 | R13: 22.81199 | S13: 86.215175 | T13: =COUNTIF($G$2:G13,G13) | U13: =IF(F13<5,"YES","NO") | V13: =IF(AND(N13<>"",O13<>""),"YES","NO") | W13: =IF(HOUR(D13)<12,"Morning",IF(HOUR(D13)<17,"Afternoon","Evening")) | X13: 7 | Y13: =IF(F13<5,"<5 min",IF(F13<15,"5-15 min",IF(F13<30,"15-30 min","30+ min")))
... A51: 46044 | B51: Thursday | C51: Jan 26 | D51: 22/01/2026, 7:24 pm | E51: 22/01/2026, 7:28 pm | F51: =(E51-D51)*24*60 | G51: Aakash india construction | H51: 001fw000007kcXiAAI | I51: 831002 | J51: EAST SINGHBUM | L51: Influencer | M51: Got future date | N51: IHB CONTRACTOR USING RUNGTA TMT and shyam tmt. Rates given 63000 landed to the CUSTUMER. | O51: Will connect us on inquiry received. Need time for the same | P51: IHB CONTRACTOR USING RUNGTA TMT and shyam tmt. Rates given 63000 landed to the CUSTUMER. | Will connect us on inquiry received. Need time for the same | Q51: =LEN(TRIM(P51))-LEN(SUBSTITUTE(P51," ",""))+1 | R51: 22.811999 | S51: 86.215182 | T51: =COUNTIF($G$2:G51,G51) | U51: =IF(F51<5,"YES","NO") | V51: =IF(AND(N51<>"",O51<>""),"YES","NO") | W51: =IF(HOUR(D51)<12,"Morning",IF(HOUR(D51)<17,"Afternoon","Evening")) | X51: 6 | Y51: =IF(F51<5,"<5 min",IF(F51<15,"5-15 min",IF(F51<30,"15-30 min","30+ min")))
A52: 46038 | B52: Friday | C52: Jan 26 | D52: 16/01/2026, 1:35 pm | E52: 16/01/2026, 1:35 pm | F52: =(E52-D52)*24*60 | G52: Akriti construction | H52: 0015g00001ZTU7ZAAX | M52: Got future date | N52: IHB CONTRACTOR USING RUNGTA TMT and shyam steel. Rates given 61500 landed to the CUSTUMER. | O52: Will connect us on inquiry received from CUSTUMER. Need time. | P52: IHB CONTRACTOR USING RUNGTA TMT and shyam steel. Rates given 61500 landed to the CUSTUMER. | Will connect us on inquiry received from CUSTUMER. Need time. | Q52: =LEN(TRIM(P52))-LEN(SUBSTITUTE(P52," ",""))+1 | R52: 22.806253 | S52: 86.222952 | T52: =COUNTIF($G$2:G52,G52) | U52: =IF(F52<5,"YES","NO") | V52: =IF(AND(N52<>"",O52<>""),"YES","NO") | W52: =IF(HOUR(D52)<12,"Morning",IF(HOUR(D52)<17,"Afternoon","Evening")) | X52: 6 | Y52: =IF(F52<5,"<5 min",IF(F52<15,"5-15 min",IF(F52<30,"15-30 min","30+ min")))
A53: 46041 | B53: Monday | C53: Jan 26 | D53: 19/01/2026, 5:58 pm | E53: 19/01/2026, 5:59 pm | F53: =(E53-D53)*24*60 | G53: Akriti construction | H53: 0015g00001ZTU7ZAAX | M53: Got future date | N53: IHB CONTRACTOR USING RUNGTA TMT srmb and tiscon. Rates given 63000 to the CUSTUMER. | O53: Last purchase rungta tmt @ 49000 landed for IHB projects. Will connect us on inquiry received. | P53: IHB CONTRACTOR USING RUNGTA TMT srmb and tiscon. Rates given 63000 to the CUSTUMER. | Last purchase rungta tmt @ 49000 landed for IHB projects. Will connect us on inquiry received. | Q53: =LEN(TRIM(P53))-LEN(SUBSTITUTE(P53," ",""))+1 | R53: 22.807409 | S53: 86.222134 | T53: =COUNTIF($G$2:G53,G53) | U53: =IF(F53<5,"YES","NO") | V53: =IF(AND(N53<>"",O53<>""),"YES","NO") | W53: =IF(HOUR(D53)<12,"Morning",IF(HOUR(D53)<17,"Afternoon","Evening")) | X53: 6 | Y53: =IF(F53<5,"<5 min",IF(F53<15,"5-15 min",IF(F53<30,"15-30 min","30+ min")))
A54: 45978 | B54: Monday | C54: Nov 25 | D54: 17/11/2025, 6:30 pm | E54: 17/11/2025, 6:31 pm | F54: =(E54-D54)*24*60 | G54: Believe enterprises | H54: 001fw000007wTjxAAE | I54: 831013 | J54: SARAIKELA KHARSAWAN | L54: Influencer | M54: Got future date | N54: Real estate and commercial building contractor . Using Tata tiscon , panther and rungta tmt | O54: Rates given 53500 landed till site .Will connect when inquiry comes . | P54: Real estate and commercial building contractor . Using Tata tiscon , panther and rungta tmt | Rates given 53500 landed till site .Will connect when inquiry comes . | Q54: =LEN(TRIM(P54))-LEN(SUBSTITUTE(P54," ",""))+1 | R54: 22.807722 | S54: 86.221693 | T54: =COUNTIF($G$2:G54,G54) | U54: =IF(F54<5,"YES","NO") | V54: =IF(AND(N54<>"",O54<>""),"YES","NO") | W54: =IF(HOUR(D54)<12,"Morning",IF(HOUR(D54)<17,"Afternoon","Evening")) | X54: 8 | Y54: =IF(F54<5,"<5 min",IF(F54<15,"5-15 min",IF(F54<30,"15-30 min","30+ min")))
A55: 45996 | B55: Friday | C55: Dec 25 | D55: 05/12/2025, 5:31 pm | E55: 05/12/2025, 5:33 pm | F55: =(E55-D55)*24*60 | G55: Believe enterprises | H55: 001fw000007wTjxAAE | I55: 831013 | J55: SARAIKELA KHARSAWAN | L55: Influencer | M55: Got future date | N55: Contractor and architect of commercial and ihb projects . Using rungta and shyam steel in his projects . Rates given 55500 landed to retailer. Will connect us | O55: Will connect if inquiry comes . Will take rates from retailer . | P55: Contractor and architect of commercial and ihb projects . Using rungta and shyam steel in his projects . Rates given 55500 landed to retailer. Will connect us | Will connect if inquiry comes . Will take rates from retailer . | Q55: =LEN(TRIM(P55))-LEN(SUBSTITUTE(P55," ",""))+1 | R55: 22.812148 | S55: 86.215132 | T55: =COUNTIF($G$2:G55,G55) | U55: =IF(F55<5,"YES","NO") | V55: =IF(AND(N55<>"",O55<>""),"YES","NO") | W55: =IF(HOUR(D55)<12,"Morning",IF(HOUR(D55)<17,"Afternoon","Evening")) | X55: 6 | Y55: =IF(F55<5,"<5 min",IF(F55<15,"5-15 min",IF(F55<30,"15-30 min","30+ min")))
A56: 46000 | B56: Tuesday | C56: Dec 25 | D56: 09/12/2025, 7:54 pm | E56: 09/12/2025, 7:56 pm | F56: =(E56-D56)*24*60 | G56: Believe enterprises | H56: 001fw000007wTjxAAE | I56: 831013 | J56: SARAIKELA KHARSAWAN | L56: Influencer | M56: Got future date | N56: Contractor of ihb and commercial projects . Using tiscon and rungta tmt . Rates given 56000 landed through dealer. | O56: Will give us inquiry and connect us later . Need time . | P56: Contractor of ihb and commercial projects . Using tiscon and rungta tmt . Rates given 56000 landed through dealer. | Will give us inquiry and connect us later . Need time . | Q56: =LEN(TRIM(P56))-LEN(SUBSTITUTE(P56," ",""))+1 | R56: 22.812203 | S56: 86.215181 | T56: =COUNTIF($G$2:G56,G56) | U56: =IF(F56<5,"YES","NO") | V56: =IF(AND(N56<>"",O56<>""),"YES","NO") | W56: =IF(HOUR(D56)<12,"Morning",IF(HOUR(D56)<17,"Afternoon","Evening")) | X56: 6 | Y56: =IF(F56<5,"<5 min",IF(F56<15,"5-15 min",IF(F56<30,"15-30 min","30+ min")))
A57: 46029 | B57: Wednesday | C57: Jan 26 | D57: 07/01/2026, 12:11 pm | E57: 07/01/2026, 12:13 pm | F57: =(E57-D57)*24*60 | G57: Believe enterprises | H57: 001fw000007wTjxAAE | I57: 831013 | J57: SARAIKELA KHARSAWAN | L57: Influencer | M57: Got future date | N57: IHB and commercial project contractor. Using tiscon and RUNGTA TMT. Rates given 59500 landed. | O57: Will connect us on inquiry. No inquiry now. Rates issue. Will share rates with CUSTUMER on demand. | P57: IHB and commercial project contractor. Using tiscon and RUNGTA TMT. Rates given 59500 landed. | Will connect us on inquiry. No inquiry now. Rates issue. Will share rates with CUSTUMER on demand. | Q57: =LEN(TRIM(P57))-LEN(SUBSTITUTE(P57," ",""))+1 | R57: 22.812153 | S57: 86.215243 | T57: =COUNTIF($G$2:G57,G57) | U57: =IF(F57<5,"YES","NO") | V57: =IF(AND(N57<>"",O57<>""),"YES","NO") | W57: =IF(HOUR(D57)<12,"Morning",IF(HOUR(D57)<17,"Afternoon","Evening")) | X57: 6 | Y57: =IF(F57<5,"<5 min",IF(F57<15,"5-15 min",IF(F57<30,"15-30 min","30+ min")))
A58: 46031 | B58: Friday | C58: Jan 26 | D58: 09/01/2026, 1:28 pm | E58: 09/01/2026, 1:29 pm | F58: =(E58-D58)*24*60 | G58: Build tect contruction | H58: 001fw000007qMq7AAE | I58: 831011 | J58: EAST SINGHBUM | L58: Influencer | M58: Got future date | N58: IHB CONTRACTOR USING RUNGTA TMT and panther TMT. Rates given 59500 landed to the CUSTUMER. | O58: Will connect us on inquiry received from end CUSTUMER. Will let us know and suggest customer for jsw one tmt. | P58: IHB CONTRACTOR USING RUNGTA TMT and panther TMT. Rates given 59500 landed to the CUSTUMER. | Will connect us on inquiry received from end CUSTUMER. Will let us know and suggest customer for jsw one tmt. | Q58: =LEN(TRIM(P58))-LEN(SUBSTITUTE(P58," ",""))+1 | R58: 22.806275 | S58: 86.222839 | T58: =COUNTIF($G$2:G58,G58) | U58: =IF(F58<5,"YES","NO") | V58: =IF(AND(N58<>"",O58<>""),"YES","NO") | W58: =IF(HOUR(D58)<12,"Morning",IF(HOUR(D58)<17,"Afternoon","Evening")) | X58: 6 | Y58: =IF(F58<5,"<5 min",IF(F58<15,"5-15 min",IF(F58<30,"15-30 min","30+ min")))
A59: 45978 | B59: Monday | C59: Nov 25 | D59: 17/11/2025, 1:31 pm | E59: 17/11/2025, 1:36 pm | F59: =(E59-D59)*24*60 | G59: Csn developers pvt Ltd | H59: 001fw000007wAavAAE | I59: 832109 | J59: SARAIKELA KHARSAWAN | L59: Influencer | M59: Got future date | N59: Ihb contractor of projects . Using shyam steel and rungtz tmt. Rates given 54000 landed to the customer. | O59: Will connect us when inquiry comes or with nearest dealer. | P59: Ihb contractor of projects . Using shyam steel and rungtz tmt. Rates given 54000 landed to the customer. | Will connect us when inquiry comes or with nearest dealer. | Q59: =LEN(TRIM(P59))-LEN(SUBSTITUTE(P59," ",""))+1 | R59: 22.811975 | S59: 86.215194 | T59: =COUNTIF($G$2:G59,G59) | U59: =IF(F59<5,"YES","NO") | V59: =IF(AND(N59<>"",O59<>""),"YES","NO") | W59: =IF(HOUR(D59)<12,"Morning",IF(HOUR(D59)<17,"Afternoon","Evening")) | X59: 8 | Y59: =IF(F59<5,"<5 min",IF(F59<15,"5-15 min",IF(F59<30,"15-30 min","30+ min")))
A60: 45981 | B60: Thursday | C60: Nov 25 | D60: 20/11/2025, 11:27 am | E60: 20/11/2025, 11:28 am | F60: =(E60-D60)*24*60 | G60: Csn developers pvt Ltd | H60: 001fw000007wAavAAE | I60: 832109 | J60: SARAIKELA KHARSAWAN | L60: Influencer | M60: Got future date | N60: Ihb contractor and engineer. Using panther and rungta rates given 54000 landed to the customer from yard. | O60: Asking to connect us later . Will share inquiry .need time | P60: Ihb contractor and engineer. Using panther and rungta rates given 54000 landed to the customer from yard. | Asking to connect us later . Will share inquiry .need time | Q60: =LEN(TRIM(P60))-LEN(SUBSTITUTE(P60," ",""))+1 | R60: 22.811974 | S60: 86.215195 | T60: =COUNTIF($G$2:G60,G60) | U60: =IF(F60<5,"YES","NO") | V60: =IF(AND(N60<>"",O60<>""),"YES","NO") | W60: =IF(HOUR(D60)<12,"Morning",IF(HOUR(D60)<17,"Afternoon","Evening")) | X60: 6 | Y60: =IF(F60<5,"<5 min",IF(F60<15,"5-15 min",IF(F60<30,"15-30 min","30+ min")))
A61: 46001 | B61: Wednesday | C61: Dec 25 | D61: 10/12/2025, 4:55 pm | E61: 10/12/2025, 4:58 pm | F61: =(E61-D61)*24*60 | G61: Csn developers pvt Ltd | H61: 001fw000007wAavAAE | I61: 832109 | J61: SARAIKELA KHARSAWAN | L61: Influencer | M61: Got future date | N61: Contractor of commercial and ihb projects using tiscon and rungta tmt. Rates given 56000 landed to the dealer . Will connect us | O61: Will connect us on demand availability and inquiry from custumer . Need time . | P61: Contractor of commercial and ihb projects using tiscon and rungta tmt. Rates given 56000 landed to the dealer . Will connect us | Will connect us on demand availability and inquiry from custumer . Need time . | Q61: =LEN(TRIM(P61))-LEN(SUBSTITUTE(P61," ",""))+1 | R61: 22.807522 | S61: 86.221814 | T61: =COUNTIF($G$2:G61,G61) | U61: =IF(F61<5,"YES","NO") | V61: =IF(AND(N61<>"",O61<>""),"YES","NO") | W61: =IF(HOUR(D61)<12,"Morning",IF(HOUR(D61)<17,"Afternoon","Evening")) | X61: 7 | Y61: =IF(F61<5,"<5 min",IF(F61<15,"5-15 min",IF(F61<30,"15-30 min","30+ min")))
A62: 46013 | B62: Monday | C62: Dec 25 | D62: 22/12/2025, 5:49 pm | E62: 22/12/2025, 5:51 pm | F62: =(E62-D62)*24*60 | G62: Csn developers pvt Ltd | H62: 001fw000007wAavAAE | I62: 832109 | J62: SARAIKELA KHARSAWAN | L62: Influencer | M62: Got future date | N62: Contractor and engineer of ihb and real estate projects. Using tiscon and rungta. Rates given 57000 landed 12 mm . | O62: Will connect us when inquiry comes by from site . Will connect dealer for rates .. | P62: Contractor and engineer of ihb and real estate projects. Using tiscon and rungta. Rates given 57000 landed 12 mm . | Will connect us when inquiry comes by from site . Will connect dealer for rates .. | Q62: =LEN(TRIM(P62))-LEN(SUBSTITUTE(P62," ",""))+1 | R62: 22.811994 | S62: 86.215207 | T62: =COUNTIF($G$2:G62,G62) | U62: =IF(F62<5,"YES","NO") | V62: =IF(AND(N62<>"",O62<>""),"YES","NO") | W62: =IF(HOUR(D62)<12,"Morning",IF(HOUR(D62)<17,"Afternoon","Evening")) | X62: 7 | Y62: =IF(F62<5,"<5 min",IF(F62<15,"5-15 min",IF(F62<30,"15-30 min","30+ min")))
A63: 46028 | B63: Tuesday | C63: Jan 26 | D63: 06/01/2026, 7:13 pm | E63: 06/01/2026, 7:15 pm | F63: =(E63-D63)*24*60 | G63: Csn developers pvt Ltd | H63: 001fw000007wAavAAE | I63: 832109 | J63: SARAIKELA KHARSAWAN | L63: Influencer | M63: Got future date | N63: IHB and commercial project contractor. Using tiscon and RUNGTA TMT. Rates given 59500 landed to the CUSTUMER. | O63: No inquiry now. Will connect us on inquiry. Will share us inquiry. | P63: IHB and commercial project contractor. Using tiscon and RUNGTA TMT. Rates given 59500 landed to the CUSTUMER. | No inquiry now. Will connect us on inquiry. Will share us inquiry. | Q63: =LEN(TRIM(P63))-LEN(SUBSTITUTE(P63," ",""))+1 | R63: 22.812317 | S63: 86.215322 | T63: =COUNTIF($G$2:G63,G63) | U63: =IF(F63<5,"YES","NO") | V63: =IF(AND(N63<>"",O63<>""),"YES","NO") | W63: =IF(HOUR(D63)<12,"Morning",IF(HOUR(D63)<17,"Afternoon","Evening")) | X63: 7 | Y63: =IF(F63<5,"<5 min",IF(F63<15,"5-15 min",IF(F63<30,"15-30 min","30+ min")))
A64: 46035 | B64: Tuesday | C64: Jan 26 | D64: 13/01/2026, 12:02 pm | E64: 13/01/2026, 12:03 pm | F64: =(E64-D64)*24*60 | G64: Csn developers pvt Ltd | H64: 001fw000007wAavAAE | I64: 832109 | J64: SARAIKELA KHARSAWAN | L64: Influencer | M64: Got future date | N64: IHB CONTRACTOR USING RUNGTA TMT and kamdhenu TMT. Rates given 61500 landed. | O64: Will connect us on inquiry received from site of IHB customer. Currently 5 projects is going on. Will connect us. | P64: IHB CONTRACTOR USING RUNGTA TMT and kamdhenu TMT. Rates given 61500 landed. | Will connect us on inquiry received from site of IHB customer. Currently 5 projects is going on. Will connect us. | Q64: =LEN(TRIM(P64))-LEN(SUBSTITUTE(P64," ",""))+1 | R64: 22.812131 | S64: 86.215155 | T64: =COUNTIF($G$2:G64,G64) | U64: =IF(F64<5,"YES","NO") | V64: =IF(AND(N64<>"",O64<>""),"YES","NO") | W64: =IF(HOUR(D64)<12,"Morning",IF(HOUR(D64)<17,"Afternoon","Evening")) | X64: 6 | Y64: =IF(F64<5,"<5 min",IF(F64<15,"5-15 min",IF(F64<30,"15-30 min","30+ min")))
A65: 46052 | B65: Friday | C65: Jan 26 | D65: 30/01/2026, 4:42 pm | E65: 30/01/2026, 4:45 pm | F65: =(E65-D65)*24*60 | G65: Csn developers pvt Ltd | H65: 001fw000007wAavAAE | I65: 832109 | J65: SARAIKELA KHARSAWAN | L65: Influencer | M65: Got future date | N65: IHB and real estate projects contactor. Using rungta srmb steel. Rates given 64500 landed to the CUSTUMER. | O65: For tmt inquiry will share to his direct ihb customers. Will give them knowledge and let us know. | P65: IHB and real estate projects contactor. Using rungta srmb steel. Rates given 64500 landed to the CUSTUMER. | For tmt inquiry will share to his direct ihb customers. Will give them knowledge and let us know. | Q65: =LEN(TRIM(P65))-LEN(SUBSTITUTE(P65," ",""))+1 | R65: 22.81213 | S65: 86.215137 | T65: =COUNTIF($G$2:G65,G65) | U65: =IF(F65<5,"YES","NO") | V65: =IF(AND(N65<>"",O65<>""),"YES","NO") | W65: =IF(HOUR(D65)<12,"Morning",IF(HOUR(D65)<17,"Afternoon","Evening")) | X65: 6 | Y65: =IF(F65<5,"<5 min",IF(F65<15,"5-15 min",IF(F65<30,"15-30 min","30+ min")))
... A345: 45999 | B345: Monday | C345: Dec 25 | D345: 08/12/2025, 7:28 pm | E345: 08/12/2025, 7:32 pm | F345: =(E345-D345)*24*60 | G345: WELCOME STEEL | H345: 001J100000VnqMZIAZ | I345: 832110 | J345: East Singhbhum | L345: Retailer PB | M345: Got future date | N345: Dealer of shyam steel and rungta tmt . Rates given 55000 landed to the dealer. Will connect us with inquiry. | O345: Will share inquiry within this week . Need this week for stock material at outlet. | P345: Dealer of shyam steel and rungta tmt . Rates given 55000 landed to the dealer. Will connect us with inquiry. | Will share inquiry within this week . Need this week for stock material at outlet. | Q345: =LEN(TRIM(P345))-LEN(SUBSTITUTE(P345," ",""))+1 | R345: 22.84365 | S345: 86.202347 | T345: =COUNTIF($G$2:G345,G345) | U345: =IF(F345<5,"YES","NO") | V345: =IF(AND(N345<>"",O345<>""),"YES","NO") | W345: =IF(HOUR(D345)<12,"Morning",IF(HOUR(D345)<17,"Afternoon","Evening")) | X345: 6 | Y345: =IF(F345<5,"<5 min",IF(F345<15,"5-15 min",IF(F345<30,"15-30 min","30+ min")))
A346: 46015 | B346: Wednesday | C346: Dec 25 | D346: 24/12/2025, 5:44 pm | F346: =(E346-D346)*24*60 | G346: WELCOME STEEL | H346: 001J100000VnqMZIAZ | I346: 832110 | J346: East Singhbhum | L346: Retailer PB | N346: Dealer of jsw one Tata tiscon and rungta tmt. Rates given 57000 landed to the custumer . | P346: Dealer of jsw one Tata tiscon and rungta tmt. Rates given 57000 landed to the custumer . | | Q346: =LEN(TRIM(P346))-LEN(SUBSTITUTE(P346," ",""))+1 | R346: 22.851846 | S346: 86.206003 | T346: =COUNTIF($G$2:G346,G346) | U346: =IF(F346<5,"YES","NO") | V346: =IF(AND(N346<>"",O346<>""),"YES","NO") | W346: =IF(HOUR(D346)<12,"Morning",IF(HOUR(D346)<17,"Afternoon","Evening")) | X346: 8 | Y346: =IF(F346<5,"<5 min",IF(F346<15,"5-15 min",IF(F346<30,"15-30 min","30+ min")))
A347: 46015 | B347: Wednesday | C347: Dec 25 | D347: 24/12/2025, 6:17 pm | E347: 24/12/2025, 6:18 pm | F347: =(E347-D347)*24*60 | G347: WELCOME STEEL | H347: 001J100000VnqMZIAZ | I347: 832110 | J347: East Singhbhum | L347: Retailer PB | M347: Got future date | N347: Dealer of Tata steel jsw one and shyam steel . Rates given 57000 landed to the dealer. | O347: Asking to connect once demand comes to them . Need time. Selling shyam @ 59000 landed. | P347: Dealer of Tata steel jsw one and shyam steel . Rates given 57000 landed to the dealer. | Asking to connect once demand comes to them . Need time. Selling shyam @ 59000 landed. | Q347: =LEN(TRIM(P347))-LEN(SUBSTITUTE(P347," ",""))+1 | R347: 22.852089 | S347: 86.205957 | T347: =COUNTIF($G$2:G347,G347) | U347: =IF(F347<5,"YES","NO") | V347: =IF(AND(N347<>"",O347<>""),"YES","NO") | W347: =IF(HOUR(D347)<12,"Morning",IF(HOUR(D347)<17,"Afternoon","Evening")) | X347: 8 | Y347: =IF(F347<5,"<5 min",IF(F347<15,"5-15 min",IF(F347<30,"15-30 min","30+ min")))
A348: 46020 | B348: Monday | C348: Dec 25 | D348: 29/12/2025, 5:59 pm | E348: 29/12/2025, 6:01 pm | F348: =(E348-D348)*24*60 | G348: WELCOME STEEL | H348: 001J100000VnqMZIAZ | I348: 832110 | J348: East Singhbhum | L348: Retailer PB | M348: Got future date | N348: Dealer of shyam steel . Tiscon . Rc rungta. Rates given 57000 landed to the dealer . | O348: Will share inquiry to us. Need time for inquiry. | P348: Dealer of shyam steel . Tiscon . Rc rungta. Rates given 57000 landed to the dealer . | Will share inquiry to us. Need time for inquiry. | Q348: =LEN(TRIM(P348))-LEN(SUBSTITUTE(P348," ",""))+1 | R348: 22.852296 | S348: 86.204069 | T348: =COUNTIF($G$2:G348,G348) | U348: =IF(F348<5,"YES","NO") | V348: =IF(AND(N348<>"",O348<>""),"YES","NO") | W348: =IF(HOUR(D348)<12,"Morning",IF(HOUR(D348)<17,"Afternoon","Evening")) | X348: 6 | Y348: =IF(F348<5,"<5 min",IF(F348<15,"5-15 min",IF(F348<30,"15-30 min","30+ min")))

Sheet Productivity_Monthly
A1: Month | B1: Total Visits | C1: Working Days | D1: Avg Visits/Day | E1: Days Meeting Target (>=6) | F1: % Days on Target | G1: Avg Duration (min) | H1: Total Field Hours | I1: Variance from Target
A2: Nov 25 | B2: =COUNTIF(Daily_Visit_Log!$C:$C,"Nov 25") | C2: =COUNTIF(Daily_Visit_Log!$C:$C,"Nov 25")/6 | D2: =IF(C2>0,B2/C2,0) | E2: 0 | F2: =IF(C2>0,E2/C2*100,0) | G2: =AVERAGEIF(Daily_Visit_Log!$C:$C,"Nov 25",Daily_Visit_Log!$F:$F) | H2: =SUMIF(Daily_Visit_Log!$C:$C,"Nov 25",Daily_Visit_Log!$F:$F)/60 | I2: =D2-6
A3: Dec 25 | B3: =COUNTIF(Daily_Visit_Log!$C:$C,"Dec 25") | C3: =COUNTIF(Daily_Visit_Log!$C:$C,"Dec 25")/6 | D3: =IF(C3>0,B3/C3,0) | E3: 0 | F3: =IF(C3>0,E3/C3*100,0) | G3: =AVERAGEIF(Daily_Visit_Log!$C:$C,"Dec 25",Daily_Visit_Log!$F:$F) | H3: =SUMIF(Daily_Visit_Log!$C:$C,"Dec 25",Daily_Visit_Log!$F:$F)/60 | I3: =D3-6
A4: Jan 26 | B4: =COUNTIF(Daily_Visit_Log!$C:$C,"Jan 26") | C4: =COUNTIF(Daily_Visit_Log!$C:$C,"Jan 26")/6 | D4: =IF(C4>0,B4/C4,0) | E4: 0 | F4: =IF(C4>0,E4/C4*100,0) | G4: =AVERAGEIF(Daily_Visit_Log!$C:$C,"Jan 26",Daily_Visit_Log!$F:$F) | H4: =SUMIF(Daily_Visit_Log!$C:$C,"Jan 26",Daily_Visit_Log!$F:$F)/60 | I4: =D4-6
A5: Feb 26 | B5: =COUNTIF(Daily_Visit_Log!$C:$C,"Feb 26") | C5: =COUNTIF(Daily_Visit_Log!$C:$C,"Feb 26")/6 | D5: =IF(C5>0,B5/C5,0) | E5: 0 | F5: =IF(C5>0,E5/C5*100,0) | G5: =AVERAGEIF(Daily_Visit_Log!$C:$C,"Feb 26",Daily_Visit_Log!$F:$F) | H5: =SUMIF(Daily_Visit_Log!$C:$C,"Feb 26",Daily_Visit_Log!$F:$F)/60 | I5: =D5-6

Sheet Territory_Coverage
A1: Month | B1: Unique Customers | C1: New Customers | D1: Repeat Customers | E1: Total Visits | F1: Repeat Visit Rate (%) | G1: Unique Pin Codes | H1: Unique Districts | I1: Retailer PB Count | J1: Influencer Count | K1: Retailer % | L1: Influencer %
A2: Nov 25 | B2: 0 | C2: 0 | D2: 0 | E2: =COUNTIF(Daily_Visit_Log!$C:$C,"Nov 25") | F2: 0 | G2: 0 | H2: =COUNTIFS(Daily_Visit_Log!$C:$C,"Nov 25",Daily_Visit_Log!$L:$L,"Retailer PB") | I2: =COUNTIFS(Daily_Visit_Log!$C:$C,"Nov 25",Daily_Visit_Log!$L:$L,"Influencer") | J2: =IF(E2>0,H2/E2*100,0) | K2: =IF(E2>0,I2/E2*100,0) | L2: 0
A3: Dec 25 | B3: 0 | C3: 0 | D3: 0 | E3: =COUNTIF(Daily_Visit_Log!$C:$C,"Dec 25") | F3: 0 | G3: 0 | H3: =COUNTIFS(Daily_Visit_Log!$C:$C,"Dec 25",Daily_Visit_Log!$L:$L,"Retailer PB") | I3: =COUNTIFS(Daily_Visit_Log!$C:$C,"Dec 25",Daily_Visit_Log!$L:$L,"Influencer") | J3: =IF(E3>0,H3/E3*100,0) | K3: =IF(E3>0,I3/E3*100,0) | L3: 0
A4: Jan 26 | B4: 0 | C4: 0 | D4: 0 | E4: =COUNTIF(Daily_Visit_Log!$C:$C,"Jan 26") | F4: 0 | G4: 0 | H4: =COUNTIFS(Daily_Visit_Log!$C:$C,"Jan 26",Daily_Visit_Log!$L:$L,"Retailer PB") | I4: =COUNTIFS(Daily_Visit_Log!$C:$C,"Jan 26",Daily_Visit_Log!$L:$L,"Influencer") | J4: =IF(E4>0,H4/E4*100,0) | K4: =IF(E4>0,I4/E4*100,0) | L4: 0
A5: Feb 26 | B5: 0 | C5: 0 | D5: 0 | E5: =COUNTIF(Daily_Visit_Log!$C:$C,"Feb 26") | F5: 0 | G5: 0 | H5: =COUNTIFS(Daily_Visit_Log!$C:$C,"Feb 26",Daily_Visit_Log!$L:$L,"Retailer PB") | I5: =COUNTIFS(Daily_Visit_Log!$C:$C,"Feb 26",Daily_Visit_Log!$L:$L,"Influencer") | J5: =IF(E5>0,H5/E5*100,0) | K5: =IF(E5>0,I5/E5*100,0) | L5: 0

Sheet Monthly_Trends
A1: Metric | B1: Nov 25 | C1: Dec 25 | D1: Jan 26 | E1: Feb 26 | F1: Trend | G1: % Change (Nov-Feb)
A2: Total Visits | B2: 0 | C2: 0 | D2: 0 | E2: 0 | G2: 0
A3: Avg Visits/Day | B3: 0 | C3: 0 | D3: 0 | E3: 0 | G3: 0
A4: Unique Customers | B4: 0 | C4: 0 | D4: 0 | E4: 0 | G4: 0
A5: Unique Pin Codes | B5: 0 | C5: 0 | D5: 0 | E5: 0 | G5: 0
A6: Avg Duration (min) | B6: 0 | C6: 0 | D6: 0 | E6: 0 | G6: 0
A7: Total Field Hours | B7: 0 | C7: 0 | D7: 0 | E7: 0 | G7: 0
A8: % Short Visits (<5 min) | B8: 0 | C8: 0 | D8: 0 | E8: 0 | G8: 0
A9: % Complete Documentation | B9: 0 | C9: 0 | D9: 0 | E9: 0 | G9: 0
A10: Working Days | B10: 0 | C10: 0 | D10: 0 | E10: 0 | G10: 0

Sheet Executive_Dashboard
A1: Performance Dimension | B1: Metric | C1: Target/Benchmark | D1: Nov 25 | E1: Dec 25 | F1: Jan 26 | G1: Feb 26 | H1: Overall | I1: Rating
A2: Visit Productivity | B2: Visits per Day | C2: 6 | D2: 0 | E2: 0 | F2: 0 | G2: 0 | H2: 0
A3: Territory Coverage | B3: Unique Customers per Month | C3: 50 | D3: 0 | E3: 0 | F3: 0 | G3: 0 | H3: 0
A4: Geographic Spread | B4: Unique Pin Codes | C4: 10 | D4: 0 | E4: 0 | F4: 0 | G4: 0 | H4: 0
A5: Visit Quality | B5: Avg Duration (min) | C5: 15 | D5: 0 | E5: 0 | F5: 0 | G5: 0 | H5: 0
A6: Quality Red Flags: Short Visits | B6: % Short Visits (<5 min) | C6: <10% | D6: 0 | E6: 0 | F6: 0 | G6: 0 | H6: 0
A7: Quality Red Flags: High Frequency Repeats | B7: % High Frequency Customers (10+ visits) | C7: <5% | D7: 0 | E7: 0 | F7: 0 | G7: 0 | H7: 0

Sheet Repeat_Visits_Analysis
A1: Customer Name | B1: Total Visits | C1: Visit Dates (first 10) | D1: Outcomes | E1: Account SF Id | F1: Avg Duration (min) | G1: Visit Frequency Flag
A2: AAKASH INDIA PROJECTS & BUILDERS PRIVATE LIMITED | B2: 10 | C2: 05/11/2025, 14/11/2025, 20/11/2025, 03/12/2025, 22/12/2025, 29/12/2025, 05/01/2026, 13/01/2026, 19/01/2026, 04/02/2026 | D2: Got future date | E2: 001J100000Vo0f6IAB | F2: 0 | G2: High (10+)
A3: Aakash india construction | B3: 16 | C3: 05/11/2025, 06/11/2025, 08/11/2025, 12/11/2025, 13/11/2025, 17/11/2025, 21/11/2025, 10/12/2025, 12/12/2025, 16/12/2025 | D3: Got future date | E3: 001fw000007kcXiAAI | F3: 0 | G3: High (10+)
A4: SOIL TO SKY PROJECTS PRIVATE LIMITED | B4: 10 | C4: 13/11/2025, 05/12/2025, 10/12/2025, 19/12/2025, 31/12/2025, 07/01/2026, 12/01/2026, 21/01/2026, 23/01/2026, 30/01/2026 | D4: Got future date | E4: 001fw000004W8jPAAS | F4: 0 | G4: High (10+)
A5: Sahu contruction | B5: 10 | C5: 14/11/2025, 21/11/2025, 24/11/2025, 05/12/2025, 12/12/2025, 26/12/2025, 31/12/2025, 05/01/2026, 09/01/2026, 30/01/2026 | D5: Got future date | E5: 001fw00000CFFeFAAX | F5: 0 | G5: High (10+)
A6: Samay construction | B6: 33 | C6: 06/11/2025, 06/11/2025, 07/11/2025, 08/11/2025, 12/11/2025, 13/11/2025, 17/11/2025, 20/11/2025, 10/12/2025, 12/12/2025 | D6: Got future date | E6: 001fw000007kg6fAAA | F6: 0 | G6: High (10+)

Sheet Short_Duration_Flags
A1: Date | B1: Account: Registered Company Name | C1: Check-in Date/Time | D1: Check-out Date/Time | E1: Meeting outcome | F1: Duration (min) | G1: Duration Band | H1: Comments Word Count | I1: Red Flag | J1: Quality Score
A2: 45995 | B2: A.S ENTERPRISES | C2: 04/12/2025, 5:09 pm | D2: 04/12/2025, 5:10 pm | E2: Account created | F2: =Daily_Visit_Log!F2 | G2: =Daily_Visit_Log!Y2 | H2: =Daily_Visit_Log!Q2 | I2: =IF(F2<5,"YES","NO") | J2: =MIN(100,IF(F2>=30,50,IF(F2>=15,40,IF(F2>=5,25,10)))+IF(H2>=50,50,IF(H2>=30,40,IF(H2>=20,30,IF(H2>=10,20,10)))))
A3: 45966 | B3: AAKASH INDIA PROJECTS & BUILDERS PRIVATE LIMITED | C3: 05/11/2025, 4:25 pm | D3: 05/11/2025, 4:28 pm | E3: Got future date | F3: =Daily_Visit_Log!F3 | G3: =Daily_Visit_Log!Y3 | H3: =Daily_Visit_Log!Q3 | I3: =IF(F3<5,"YES","NO") | J3: =MIN(100,IF(F3>=30,50,IF(F3>=15,40,IF(F3>=5,25,10)))+IF(H3>=50,50,IF(H3>=30,40,IF(H3>=20,30,IF(H3>=10,20,10)))))
A4: 45975 | B4: AAKASH INDIA PROJECTS & BUILDERS PRIVATE LIMITED | C4: 14/11/2025, 3:58 pm | D4: 14/11/2025, 3:58 pm | E4: Got future date | F4: =Daily_Visit_Log!F4 | G4: =Daily_Visit_Log!Y4 | H4: =Daily_Visit_Log!Q4 | I4: =IF(F4<5,"YES","NO") | J4: =MIN(100,IF(F4>=30,50,IF(F4>=15,40,IF(F4>=5,25,10)))+IF(H4>=50,50,IF(H4>=30,40,IF(H4>=20,30,IF(H4>=10,20,10)))))
A5: 45981 | B5: AAKASH INDIA PROJECTS & BUILDERS PRIVATE LIMITED | C5: 20/11/2025, 5:30 pm | D5: 20/11/2025, 5:32 pm | E5: Got future date | F5: =Daily_Visit_Log!F5 | G5: =Daily_Visit_Log!Y5 | H5: =Daily_Visit_Log!Q5 | I5: =IF(F5<5,"YES","NO") | J5: =MIN(100,IF(F5>=30,50,IF(F5>=15,40,IF(F5>=5,25,10)))+IF(H5>=50,50,IF(H5>=30,40,IF(H5>=20,30,IF(H5>=10,20,10)))))
A6: 45994 | B6: AAKASH INDIA PROJECTS & BUILDERS PRIVATE LIMITED | C6: 03/12/2025, 11:41 am | D6: 03/12/2025, 11:43 am | E6: Got future date | F6: =Daily_Visit_Log!F6 | G6: =Daily_Visit_Log!Y6 | H6: =Daily_Visit_Log!Q6 | I6: =IF(F6<5,"YES","NO") | J6: =MIN(100,IF(F6>=30,50,IF(F6>=15,40,IF(F6>=5,25,10)))+IF(H6>=50,50,IF(H6>=30,40,IF(H6>=20,30,IF(H6>=10,20,10)))))
A7: 46013 | B7: AAKASH INDIA PROJECTS & BUILDERS PRIVATE LIMITED | C7: 22/12/2025, 1:57 pm | D7: 22/12/2025, 1:58 pm | E7: Got future date | F7: =Daily_Visit_Log!F7 | G7: =Daily_Visit_Log!Y7 | H7: =Daily_Visit_Log!Q7 | I7: =IF(F7<5,"YES","NO") | J7: =MIN(100,IF(F7>=30,50,IF(F7>=15,40,IF(F7>=5,25,10)))+IF(H7>=50,50,IF(H7>=30,40,IF(H7>=20,30,IF(H7>=10,20,10)))))
A8: 46020 | B8: AAKASH INDIA PROJECTS & BUILDERS PRIVATE LIMITED | C8: 29/12/2025, 2:02 pm | D8: 29/12/2025, 2:04 pm | E8: Got future date | F8: =Daily_Visit_Log!F8 | G8: =Daily_Visit_Log!Y8 | H8: =Daily_Visit_Log!Q8 | I8: =IF(F8<5,"YES","NO") | J8: =MIN(100,IF(F8>=30,50,IF(F8>=15,40,IF(F8>=5,25,10)))+IF(H8>=50,50,IF(H8>=30,40,IF(H8>=20,30,IF(H8>=10,20,10)))))
A9: 46027 | B9: AAKASH INDIA PROJECTS & BUILDERS PRIVATE LIMITED | C9: 05/01/2026, 6:05 pm | D9: 05/01/2026, 6:07 pm | E9: Got future date | F9: =Daily_Visit_Log!F9 | G9: =Daily_Visit_Log!Y9 | H9: =Daily_Visit_Log!Q9 | I9: =IF(F9<5,"YES","NO") | J9: =MIN(100,IF(F9>=30,50,IF(F9>=15,40,IF(F9>=5,25,10)))+IF(H9>=50,50,IF(H9>=30,40,IF(H9>=20,30,IF(H9>=10,20,10)))))
A10: 46035 | B10: AAKASH INDIA PROJECTS & BUILDERS PRIVATE LIMITED | C10: 13/01/2026, 7:33 pm | D10: 13/01/2026, 7:42 pm | E10: Got future date | F10: =Daily_Visit_Log!F10 | G10: =Daily_Visit_Log!Y10 | H10: =Daily_Visit_Log!Q10 | I10: =IF(F10<5,"YES","NO") | J10: =MIN(100,IF(F10>=30,50,IF(F10>=15,40,IF(F10>=5,25,10)))+IF(H10>=50,50,IF(H10>=30,40,IF(H10>=20,30,IF(H10>=10,20,10)))))
A11: 46041 | B11: AAKASH INDIA PROJECTS & BUILDERS PRIVATE LIMITED | C11: 19/01/2026, 6:44 pm | D11: 19/01/2026, 6:45 pm | E11: Got future date | F11: =Daily_Visit_Log!F11 | G11: =Daily_Visit_Log!Y11 | H11: =Daily_Visit_Log!Q11 | I11: =IF(F11<5,"YES","NO") | J11: =MIN(100,IF(F11>=30,50,IF(F11>=15,40,IF(F11>=5,25,10)))+IF(H11>=50,50,IF(H11>=30,40,IF(H11>=20,30,IF(H11>=10,20,10)))))
A12: 46057 | B12: AAKASH INDIA PROJECTS & BUILDERS PRIVATE LIMITED | C12: 04/02/2026, 10:47 am | D12: 04/02/2026, 10:48 am | E12: Got future date | F12: =Daily_Visit_Log!F12 | G12: =Daily_Visit_Log!Y12 | H12: =Daily_Visit_Log!Q12 | I12: =IF(F12<5,"YES","NO") | J12: =MIN(100,IF(F12>=30,50,IF(F12>=15,40,IF(F12>=5,25,10)))+IF(H12>=50,50,IF(H12>=30,40,IF(H12>=20,30,IF(H12>=10,20,10)))))
A13: 45965 | B13: AAKRITI CONSULTANTS | C13: 04/11/2025, 12:27 pm | D13: 04/11/2025, 12:28 pm | E13: Got future date | F13: =Daily_Visit_Log!F13 | G13: =Daily_Visit_Log!Y13 | H13: =Daily_Visit_Log!Q13 | I13: =IF(F13<5,"YES","NO") | J13: =MIN(100,IF(F13>=30,50,IF(F13>=15,40,IF(F13>=5,25,10)))+IF(H13>=50,50,IF(H13>=30,40,IF(H13>=20,30,IF(H13>=10,20,10)))))
... A345: 45999 | B345: WELCOME STEEL | C345: 08/12/2025, 7:28 pm | D345: 08/12/2025, 7:32 pm | E345: Got future date | F345: =Daily_Visit_Log!F345 | G345: =Daily_Visit_Log!Y345 | H345: =Daily_Visit_Log!Q345 | I345: =IF(F345<5,"YES","NO") | J345: =MIN(100,IF(F345>=30,50,IF(F345>=15,40,IF(F345>=5,25,10)))+IF(H345>=50,50,IF(H345>=30,40,IF(H345>=20,30,IF(H345>=10,20,10)))))
A346: 46015 | B346: WELCOME STEEL | C346: 24/12/2025, 5:44 pm | F346: =Daily_Visit_Log!F346 | G346: =Daily_Visit_Log!Y346 | H346: =Daily_Visit_Log!Q346 | I346: =IF(F346<5,"YES","NO") | J346: =MIN(100,IF(F346>=30,50,IF(F346>=15,40,IF(F346>=5,25,10)))+IF(H346>=50,50,IF(H346>=30,40,IF(H346>=20,30,IF(H346>=10,20,10)))))
A347: 46015 | B347: WELCOME STEEL | C347: 24/12/2025, 6:17 pm | D347: 24/12/2025, 6:18 pm | E347: Got future date | F347: =Daily_Visit_Log!F347 | G347: =Daily_Visit_Log!Y347 | H347: =Daily_Visit_Log!Q347 | I347: =IF(F347<5,"YES","NO") | J347: =MIN(100,IF(F347>=30,50,IF(F347>=15,40,IF(F347>=5,25,10)))+IF(H347>=50,50,IF(H347>=30,40,IF(H347>=20,30,IF(H347>=10,20,10)))))
A348: 46020 | B348: WELCOME STEEL | C348: 29/12/2025, 5:59 pm | D348: 29/12/2025, 6:01 pm | E348: Got future date | F348: =Daily_Visit_Log!F348 | G348: =Daily_Visit_Log!Y348 | H348: =Daily_Visit_Log!Q348 | I348: =IF(F348<5,"YES","NO") | J348: =MIN(100,IF(F348>=30,50,IF(F348>=15,40,IF(F348>=5,25,10)))+IF(H348>=50,50,IF(H348>=30,40,IF(H348>=20,30,IF(H348>=10,20,10)))))

Sheet Notes_Methodology
A1: Section | B1: Details
A2: Data Source | B2: report1770198136609.xls
A3: Analysis Period | B3: November 2025 - February 2026
A4: Total Records | B4: 347 visit records
A5: Date Range | B5: 2025-11-04 to 2026-02-04
A7: Calculations | B7: Duration (min) = (Check-out DateTime - Check-in DateTime) * 24 * 60
B8: Working Days = Count of unique dates with visits (excluding Sundays)
B9: Avg Visits/Day = Total Visits / Working Days
B10: Repeat Visit Rate = (Repeat Customers / Unique Customers) * 100
B11: Concentration Index = (Top 3 Pin Code Visits / Total Visits) * 100
B12: Quality Score = Duration component (50 pts) + Comments component (50 pts)
B13: Visit Number = Running count per customer ordered by check-in datetime
A14: Quality Thresholds
B15: Short Visit: <5 minutes
B16: High Frequency Customer: 10+ visits in analysis period
A17: Working Days
B18: Sundays excluded from working day count, only days with visits counted
A19: Assumptions
B20: No public holidays accounted for beyond Sundays
B21: Monthly Potential and Taluka fields were empty in source data
A22: Data Quality
B23: 99.4% data completeness across all fields
B24: All formulas are dynamic and will recalculate with data changes
A25: Limitations
B26: Nov: 97, Dec: 131, Jan: 117, Feb: 2 visits
B27: Coordinate precision limited to ~100m for clustering analysis
