Workbook

Sheet Sheet1
A1: District | B1: State | C1: Zone | D1: Distributor | E1: Categorization of District | F1: stock yard presence | G1: No. of Dealers ( >100 MT) | H1: Stockist | L1: Haryana
A2: Gurugram | B2: HARYANA | C2: North | D2: NIKUNJ UDYOG | E2: Very High | G2: =COUNTIFS(Sheet2!D:D,Sheet1!A2) -> 9 | L2: west bengal
A3: Hisar | B3: HARYANA | C3: North | D3: PAL CEMENT AND STEEL PVT. LTD. | E3: Medium | F3: Yes | G3: =COUNTIFS(Sheet2!D:D,Sheet1!A3) -> 8 | L3: Bihar
A4: Panchkula | B4: HARYANA | C4: North | D4: RAMDOOT UDHYOG PRIVATE LIMITED | E4: Medium | G4: =COUNTIFS(Sheet2!D:D,Sheet1!A4) -> 3
A5: Sonipat | B5: HARYANA | C5: North | D5: JAI DURGA STEELS | E5: Medium | F5: Yes | G5: =COUNTIFS(Sheet2!D:D,Sheet1!A5) -> 6
A6: Jind | B6: HARYANA | C6: North | D6: PAL CEMENT AND STEEL PVT. LTD. | E6: Medium | G6: =COUNTIFS(Sheet2!D:D,Sheet1!A6) -> 3
A7: Kaithal | B7: HARYANA | C7: North | D7: RAMDOOT UDHYOG PRIVATE LIMITED | E7: Medium | G7: =COUNTIFS(Sheet2!D:D,Sheet1!A7) -> 3
A8: Karnal | B8: HARYANA | C8: North | D8: RAMDOOT UDHYOG PRIVATE LIMITED | E8: Medium | G8: =COUNTIFS(Sheet2!D:D,Sheet1!A8) -> 4
A9: Rewari | B9: HARYANA | C9: North | D9: NIKUNJ UDYOG | E9: Medium | G9: =COUNTIFS(Sheet2!D:D,Sheet1!A9) -> 2
A10: Jhajjar | B10: HARYANA | C10: North | D10: JAI DURGA STEELS | E10: Low | G10: =COUNTIFS(Sheet2!D:D,Sheet1!A10) -> 4
A11: Mahendragarh | B11: HARYANA | C11: North | D11: NIKUNJ UDYOG | E11: Low | G11: =COUNTIFS(Sheet2!D:D,Sheet1!A11) -> 0
A12: Jaipur | B12: RAJASTHAN | C12: North | D12: J P ALLOYS | E12: Very High | F12: Yes | G12: =COUNTIFS(Sheet2!D:D,Sheet1!A12) -> 8
A13: Jodhpur | B13: RAJASTHAN | C13: North | D13: M R ASSOCIATES | E13: Very High | F13: Yes | G13: =COUNTIFS(Sheet2!D:D,Sheet1!A13) -> 8
A14: Kota | B14: RAJASTHAN | C14: North | D14: J P ALLOYS | E14: High | G14: =COUNTIFS(Sheet2!D:D,Sheet1!A14) -> 0
A15: Ajmer | B15: RAJASTHAN | C15: North | D15: Swastik Tradevision Pvt. Ltd. | E15: High | G15: =COUNTIFS(Sheet2!D:D,Sheet1!A15) -> 2
A16: Alwar | B16: RAJASTHAN | C16: North | D16: Swastik Tradevision Pvt. Ltd. | E16: High | G16: =COUNTIFS(Sheet2!D:D,Sheet1!A16) -> 1
A17: Sikar | B17: RAJASTHAN | C17: North | D17: BD ISPAT AND ALLOYS | E17: High | G17: =COUNTIFS(Sheet2!D:D,Sheet1!A17) -> 0
A18: Pali | B18: RAJASTHAN | C18: North | D18: M R ASSOCIATES | E18: Medium | G18: =COUNTIFS(Sheet2!D:D,Sheet1!A18) -> 1
A19: Jhalawar | B19: RAJASTHAN | C19: North | D19: J P ALLOYS | E19: Medium | G19: =COUNTIFS(Sheet2!D:D,Sheet1!A19) -> 0
A20: Jhunjhunu | B20: RAJASTHAN | C20: North | D20: BD ISPAT AND ALLOYS | E20: Medium | G20: =COUNTIFS(Sheet2!D:D,Sheet1!A20) -> 0
A21: Hanumangarh | B21: RAJASTHAN | C21: North | D21: BD ISPAT AND ALLOYS | E21: Medium | G21: =COUNTIFS(Sheet2!D:D,Sheet1!A21) -> 0
A22: Nagaur | B22: RAJASTHAN | C22: North | D22: Swastik Tradevision Pvt. Ltd. | E22: Medium | G22: =COUNTIFS(Sheet2!D:D,Sheet1!A22) -> 2
A23: Churu | B23: RAJASTHAN | C23: North | D23: BD ISPAT AND ALLOYS | E23: Medium | G23: =COUNTIFS(Sheet2!D:D,Sheet1!A23) -> 0
A24: Tonk | B24: RAJASTHAN | C24: North | D24: J P ALLOYS | E24: Medium | G24: =COUNTIFS(Sheet2!D:D,Sheet1!A24) -> 0
A25: Jalore | B25: RAJASTHAN | C25: North | D25: M R ASSOCIATES | E25: Medium | G25: =COUNTIFS(Sheet2!D:D,Sheet1!A25) -> 0
... A37: Lucknow | B37: UTTAR PRADESH | C37: North | D37: SHREE LAKSHMAN ROLLING MILL (INDIA) LLP | E37: Very High | G37: =COUNTIFS(Sheet2!D:D,Sheet1!A37) -> 3
A38: Kanpur Nagar | B38: UTTAR PRADESH | C38: North | D38: SHREE LAKSHMAN ROLLING MILL (INDIA) LLP | E38: High | F38: Yes | G38: =COUNTIFS(Sheet2!D:D,Sheet1!A38) -> 1
A39: Varanasi | B39: UTTAR PRADESH | C39: North | D39: OPTRIX INFRA LLP 2 | E39: High | G39: =COUNTIFS(Sheet2!D:D,Sheet1!A39) -> 3
A40: Moradabad | B40: UTTAR PRADESH | C40: North | D40: OPTRIX INFRA LLP | E40: Medium | G40: =COUNTIFS(Sheet2!D:D,Sheet1!A40) -> 0
A41: Agra | B41: UTTAR PRADESH | C41: North | D41: Dinesh Steel Private Limited | E41: High | F41: Yes | G41: =COUNTIFS(Sheet2!D:D,Sheet1!A41) -> 4
A42: Kanpur Dehat | B42: UTTAR PRADESH | C42: North | D42: SHREE LAKSHMAN ROLLING MILL (INDIA) LLP | E42: High | G42: =COUNTIFS(Sheet2!D:D,Sheet1!A42) -> 0
A43: Unnao | B43: UTTAR PRADESH | C43: North | D43: SHREE LAKSHMAN ROLLING MILL (INDIA) LLP | E43: Medium | G43: =COUNTIFS(Sheet2!D:D,Sheet1!A43) -> 0
A44: Meerut | B44: UTTAR PRADESH | C44: North | D44: OPTRIX INFRA LLP | E44: Medium | G44: =COUNTIFS(Sheet2!D:D,Sheet1!A44) -> 0
A45: Barabanki | B45: UTTAR PRADESH | C45: North | D45: SHREE LAKSHMAN ROLLING MILL (INDIA) LLP | E45: Medium | G45: =COUNTIFS(Sheet2!D:D,Sheet1!A45) -> 0
A46: Gorakhpur | B46: UTTAR PRADESH | C46: North | D46: GOBINDGARH IRON LLP | E46: Medium | F46: Yes | G46: =COUNTIFS(Sheet2!D:D,Sheet1!A46) -> 2
A47: Muzaffarnagar | B47: UTTAR PRADESH | C47: North | D47: OPTRIX INFRA LLP | E47: Medium | G47: =COUNTIFS(Sheet2!D:D,Sheet1!A47) -> 1
A48: Bijnor | B48: UTTAR PRADESH | C48: North | D48: OPTRIX INFRA LLP | E48: Medium | G48: =COUNTIFS(Sheet2!D:D,Sheet1!A48) -> 0
A49: Mathura | B49: UTTAR PRADESH | C49: North | D49: Dinesh Steel Private Limited | E49: Medium | G49: =COUNTIFS(Sheet2!D:D,Sheet1!A49) -> 2
A50: Lakhimpur | B50: UTTAR PRADESH | C50: North | D50: SHREE LAKSHMAN ROLLING MILL (INDIA) LLP | E50: Medium | G50: =COUNTIFS(Sheet2!D:D,Sheet1!A50) -> 0
A51: Sultanpur | B51: UTTAR PRADESH | C51: North | D51: SHREE LAKSHMAN ROLLING MILL (INDIA) LLP | E51: Medium | G51: =COUNTIFS(Sheet2!D:D,Sheet1!A51) -> 0
A52: Rampur | B52: UTTAR PRADESH | C52: North | D52: OPTRIX INFRA LLP | E52: Medium | G52: =COUNTIFS(Sheet2!D:D,Sheet1!A52) -> 0
A53: Azamgarh | B53: UTTAR PRADESH | C53: North | D53: GOBINDGARH IRON LLP | E53: Medium | G53: =COUNTIFS(Sheet2!D:D,Sheet1!A53) -> 1
A54: Bahraich | B54: UTTAR PRADESH | C54: North | D54: SHREE LAKSHMAN ROLLING MILL (INDIA) LLP | E54: Medium | G54: =COUNTIFS(Sheet2!D:D,Sheet1!A54) -> 0
A55: Gonda | B55: UTTAR PRADESH | C55: North | D55: SHREE LAKSHMAN ROLLING MILL (INDIA) LLP | E55: Medium | G55: =COUNTIFS(Sheet2!D:D,Sheet1!A55) -> 0
A56: Hardoi | B56: UTTAR PRADESH | C56: North | D56: SHREE LAKSHMAN ROLLING MILL (INDIA) LLP | E56: Medium | G56: =COUNTIFS(Sheet2!D:D,Sheet1!A56) -> 0
A57: Jaunpur | B57: UTTAR PRADESH | C57: North | D57: OPTRIX INFRA LLP 2 | E57: Medium | G57: =COUNTIFS(Sheet2!D:D,Sheet1!A57) -> 0
A58: Kushi nagar | B58: UTTAR PRADESH | C58: North | D58: GOBINDGARH IRON LLP | E58: Medium | G58: =COUNTIFS(Sheet2!D:D,Sheet1!A58) -> 0
... A101: Faridabad | B101: HARYANA | C101: North | D101: NIKUNJ UDYOG | E101: Medium | G101: =COUNTIFS(Sheet2!D:D,Sheet1!A101) -> 3
A102: Kurukshetra | B102: HARYANA | C102: North | D102: RAMDOOT UDHYOG PRIVATE LIMITED | E102: Medium | F102: Yes | G102: =COUNTIFS(Sheet2!D:D,Sheet1!A102) -> 3
A103: Yamunanagar | B103: HARYANA | C103: North | D103: RAMDOOT UDHYOG PRIVATE LIMITED | E103: Medium | G103: =COUNTIFS(Sheet2!D:D,Sheet1!A103) -> 2
A104: Bhiwani | B104: HARYANA | C104: North | D104: PAL CEMENT AND STEEL PVT. LTD. | E104: Medium | G104: =COUNTIFS(Sheet2!D:D,Sheet1!A104) -> 3
A105: Palwal | B105: HARYANA | C105: North | D105: NIKUNJ UDYOG | E105: Medium | F105: Yes | G105: =COUNTIFS(Sheet2!D:D,Sheet1!A105) -> 0
A106: Panipat | B106: HARYANA | C106: North | D106: JAI DURGA STEELS | E106: Low | G106: =COUNTIFS(Sheet2!D:D,Sheet1!A106) -> 1
A107: Charki Dadri | B107: HARYANA | C107: North | D107: PAL CEMENT AND STEEL PVT. LTD. | E107: Low | G107: =COUNTIFS(Sheet2!D:D,Sheet1!A107) -> 1
A108: Nuh | B108: HARYANA | C108: North | D108: NIKUNJ UDYOG | E108: Low | G108: =COUNTIFS(Sheet2!D:D,Sheet1!A108) -> 0
A109: Jaipur | B109: RAJASTHAN | C109: North | D109: Swastik Tradevision Pvt. Ltd. | E109: Very High | F109: Yes | G109: =COUNTIFS(Sheet2!D:D,Sheet1!A109) -> 8
A110: Udaipur | B110: RAJASTHAN | C110: North | D110: J P ALLOYS | E110: High | G110: =COUNTIFS(Sheet2!D:D,Sheet1!A110) -> 4
A111: Bhilwara | B111: RAJASTHAN | C111: North | D111: J P ALLOYS | E111: High | G111: =COUNTIFS(Sheet2!D:D,Sheet1!A111) -> 1
A112: Ganganagar | B112: RAJASTHAN | C112: North | D112: BD ISPAT AND ALLOYS | E112: High | G112: =COUNTIFS(Sheet2!D:D,Sheet1!A112) -> 1
A113: Barmer | B113: RAJASTHAN | C113: North | D113: M R ASSOCIATES | E113: Medium | G113: =COUNTIFS(Sheet2!D:D,Sheet1!A113) -> 1
A114: Dausa | B114: RAJASTHAN | C114: North | D114: Swastik Tradevision Pvt. Ltd. | E114: Medium | G114: =COUNTIFS(Sheet2!D:D,Sheet1!A114) -> 1
A115: Bikaner | B115: RAJASTHAN | C115: North | D115: BD ISPAT AND ALLOYS | E115: Medium | G115: =COUNTIFS(Sheet2!D:D,Sheet1!A115) -> 0
A116: Chittorgarh | B116: RAJASTHAN | C116: North | D116: J P ALLOYS | E116: Medium | G116: =COUNTIFS(Sheet2!D:D,Sheet1!A116) -> 2
A117: Karauli | B117: RAJASTHAN | C117: North | D117: Swastik Tradevision Pvt. Ltd. | E117: Low | G117: =COUNTIFS(Sheet2!D:D,Sheet1!A117) -> 1
A118: Gautam Buddha Nagar | B118: UTTAR PRADESH | C118: North | D118: SHASHI STEELS CORPORATION | E118: Very High | G118: =COUNTIFS(Sheet2!D:D,Sheet1!A118) -> 8
A119: Gautam Buddha Nagar | B119: UTTAR PRADESH | C119: North | D119: OPTRIX INFRA LLP | E119: Very High | G119: =COUNTIFS(Sheet2!D:D,Sheet1!A119) -> 8
A120: Ghaziabad | B120: UTTAR PRADESH | C120: North | D120: OPTRIX INFRA LLP | E120: High | F120: Yes | G120: =COUNTIFS(Sheet2!D:D,Sheet1!A120) -> 8
A121: Ghaziabad | B121: UTTAR PRADESH | C121: North | D121: SHASHI STEELS CORPORATION | E121: High | F121: Yes | G121: =COUNTIFS(Sheet2!D:D,Sheet1!A121) -> 8
A122: Prayagraj | B122: UTTAR PRADESH | C122: North | D122: OPTRIX INFRA LLP 2 | E122: High | G122: =COUNTIFS(Sheet2!D:D,Sheet1!A122) -> 1
A123: Bareilly | B123: UTTAR PRADESH | C123: North | D123: Khandelwal Associates | E123: Medium | F123: Yes | G123: =COUNTIFS(Sheet2!D:D,Sheet1!A123) -> 5
A124: Bulandshahr | B124: UTTAR PRADESH | C124: North | D124: SHASHI STEELS CORPORATION | E124: Medium | G124: =COUNTIFS(Sheet2!D:D,Sheet1!A124) -> 0
A125: Rae bareli | B125: UTTAR PRADESH | C125: North | D125: SHREE LAKSHMAN ROLLING MILL (INDIA) LLP | E125: Medium | G125: =COUNTIFS(Sheet2!D:D,Sheet1!A125) -> 1
A126: Saharanpur | B126: UTTAR PRADESH | C126: North | D126: OPTRIX INFRA LLP | E126: Medium | G126: =COUNTIFS(Sheet2!D:D,Sheet1!A126) -> 0
A127: Jhansi | B127: UTTAR PRADESH | C127: North | D127: SHREE LAKSHMAN ROLLING MILL (INDIA) LLP | E127: Medium | G127: =COUNTIFS(Sheet2!D:D,Sheet1!A127) -> 1
A128: Pilibhit | B128: UTTAR PRADESH | C128: North | D128: Khandelwal Associates | E128: Medium | G128: =COUNTIFS(Sheet2!D:D,Sheet1!A128) -> 0
A129: Ayodhya | B129: UTTAR PRADESH | C129: North | D129: SHREE LAKSHMAN ROLLING MILL (INDIA) LLP | E129: Medium | G129: =COUNTIFS(Sheet2!D:D,Sheet1!A129) -> 0
A130: Ghazipur | B130: UTTAR PRADESH | C130: North | D130: OPTRIX INFRA LLP 2 | E130: Medium | G130: =COUNTIFS(Sheet2!D:D,Sheet1!A130) -> 0
A131: Etawah | B131: UTTAR PRADESH | C131: North | D131: SHREE LAKSHMAN ROLLING MILL (INDIA) LLP | E131: Low | G131: =COUNTIFS(Sheet2!D:D,Sheet1!A131) -> 1
A132: Lalitpur | B132: UTTAR PRADESH | C132: North | D132: SHREE LAKSHMAN ROLLING MILL (INDIA) LLP | E132: Low | G132: =COUNTIFS(Sheet2!D:D,Sheet1!A132) -> 1
A133: Hathras | B133: UTTAR PRADESH | C133: North | D133: Dinesh Steel Private Limited | E133: Low | G133: =COUNTIFS(Sheet2!D:D,Sheet1!A133) -> 2
A134: Shamli | B134: UTTAR PRADESH | C134: North | D134: OPTRIX INFRA LLP | E134: Low | G134: =COUNTIFS(Sheet2!D:D,Sheet1!A134) -> 1
A135: Hisar | B135: HARYANA | C135: North | D135: JAI DURGA STEELS | E135: Medium | F135: Yes | G135: =COUNTIFS(Sheet2!D:D,Sheet1!A135) -> 8
A136: Panchkula | B136: HARYANA | C136: North | D136: JAI DURGA STEELS | E136: Medium | G136: =COUNTIFS(Sheet2!D:D,Sheet1!A136) -> 3

Sheet Sheet2
A1: Account Sf ID | B1: Name of the Dealer | C1: State | D1: District | E1: Taluka | F1: Distributor Name | G1: Account Owner As per SF
A2: 0015g00001UBHkRAAX | B2: M/S SHRI NIRMAL KUMAR JAIN & CO. | C2: UTTAR PRADESH | D2: KANPUR NAGAR | E2: Fazalganj | F2: SHREE LAKSHMAN ROLLING MILL (INDIA) LLP | G2: Ashutosh Shukla
A3: 0015g00001V9fpAAAR | B3: ALLAHABAD IRON AND STEEL COMPANY | C3: UTTAR PRADESH | D3: PRAYAGRAJ | E3: Prayagraj | F3: GLOBAL IRONTRADING PVT. LTD. | G3: Divyansh Dhawal
A4: 0015g00001W4TWFAA3 | B4: JAI DURGA IRON & STEEL COMPANY | C4: UTTAR PRADESH | D4: MATHURA | E4: Mathura | F4: DINESH STEEL PRIVATE LIMITED | G4: Pankaj Garg
A5: 0015g00001YOMCMAA5 | B5: M/S AAR DEE DISTRIBUTORS | C5: UTTAR PRADESH | D5: AGRA | E5: Agra | F5: DINESH STEEL PRIVATE LIMITED | G5: Pankaj Garg
A6: 0015g00001Y3x1EAAR | B6: M/S MEENA STEELS | C6: UTTAR PRADESH | D6: AGRA | E6: Agra | F6: DINESH STEEL PRIVATE LIMITED | G6: Pankaj Garg
A7: 0015g00001caT4XAAU | B7: M/S TIRUPATI INFRA DEVLOPERS | C7: UTTAR PRADESH | D7: VARANASI | E7: Rajatalab | F7: GLOBAL IRONTRADING PVT. LTD. | G7: Divyansh Dhawal
A8: 0015g00001UBHbSAAX | B8: KVA Trading Company | C8: UTTAR PRADESH | D8: GAUTAM BUDDHA NAGAR | E8: Ghaziabad | F8: SHASHI STEELS CORPORATION | G8: Abhijeet Biswas
A9: 0015g00001UBHaiAAH | B9: SHARMA STEELS AND PIPES | C9: HARYANA | D9: REWARI | E9: Rewari | F9: NIKUNJ UDYOG | G9: Shiv Shankar Sharma
A10: 0015g00001UBHaFAAX | B10: DELHI STEEL & CEMENT | C10: HARYANA | D10: GURUGRAM | E10: Gurugram | F10: NIKUNJ UDYOG | G10: Shiv Shankar Sharma
A11: 0015g00001UBHjbAAH | B11: Yadav Iron Store | C11: HARYANA | D11: REWARI | E11: Rewari | F11: NIKUNJ UDYOG | G11: Shiv Shankar Sharma
A12: 001J100000RyDBkIAN | B12: BAHALGARH STEEL UDYOG | C12: HARYANA | D12: SONIPAT | E12: Sonipat | F12: JAI DURGA STEELS | G12: Sunny Bhutani
... A55: 0015g00001RKmdfAAD | B55: M/S KESHARI BHANDAR | C55: UTTAR PRADESH | D55: MIRZAPUR | E55: Gonda | F55: GLOBAL IRONTRADING PVT. LTD. | G55: Divyansh Dhawal
A56: 0015g00001gv91iAAA | B56: MEWAR STEEL | C56: RAJASTHAN | D56: CHITTORGARH | F56: J P ALLOYS | G56: Pushpendra Kumar
A57: 0015g00001f9BXpAAM | B57: SHAKTI STEELS | C57: RAJASTHAN | D57: JODHPUR | E57: Jodhpur | F57: M R Associates | G57: Neeraj Sharma
A58: 0015g00001fx5hlAAA | B58: GIRIRAJ STEELS | C58: RAJASTHAN | D58: JODHPUR | E58: Jodhpur | F58: M R Associates | G58: Neeraj Sharma
A59: 001J100000TuLNmIAN | B59: JMB & CO. | C59: RAJASTHAN | D59: JAISALMER | E59: Jaisalmer | F59: M R Associates | G59: Neeraj Sharma
A60: 0015g00001geGaJAAU | B60: SHREE SUMER SAGAR STEEL | C60: RAJASTHAN | D60: AJMER | E60: Ajmer | F60: Swastik Tradevision Pvt. Ltd. | G60: Ravi Kumar Kulmi
A61: 0015g00001f8c5UAAQ | B61: M/S LAXMI STEELS | C61: UTTAR PRADESH | D61: ALIGARH | E61: Aligarh | F61: DINESH STEEL PRIVATE LIMITED | G61: Pawan Kumar
A62: 001J1000002jX2GIAU | B62: M/S SANDEEP & COMPANY | C62: UTTAR PRADESH | D62: FIROZABAD | E62: Tundla | F62: DINESH STEEL PRIVATE LIMITED | G62: Pankaj Garg
A63: 0015g00001gv7wFAAQ | B63: BABA SHEOT NATH CEMENT STORE | C63: HARYANA | D63: ROHTAK | E63: Meham | F63: JAI DURGA STEELS | G63: Sunny Bhutani
A64: 001J100000EpBvjIAF | B64: BABA STEEL | C64: HARYANA | D64: HISAR | E64: Samalkha | F64: JAI DURGA STEELS | G64: Sunny Bhutani
A65: 0015g00001XK8bKAAT | B65: M/S DELHI STEEL & SANITARY HOUSE | C65: UTTAR PRADESH | D65: GHAZIABAD | E65: Ghaziabad | F65: OPTRIX INFRA LLP | G65: Aashish Goyal
A66: 0015g00001fUOLdAAO | B66: BHAGWATI CEMENT STORE | C66: HARYANA | D66: KARNAL | E66: Karnal | F66: RAMDOOT UDHYOG PRIVATE LIMITED | G66: Naseem Makkar
A67: 0015g00001X2P8zAAF | B67: SAINI CEMENT AND BUILDING MATERIAL | C67: HARYANA | D67: PANCHKULA | E67: Raipur Rani | F67: RAMDOOT UDHYOG PRIVATE LIMITED | G67: Sushant Abrol
A68: 001J100000CMm7xIAD | B68: SHREE BALA JI SANITARY STORE | C68: HARYANA | D68: KURUKSHETRA | E68: Pehowa | F68: RAMDOOT UDHYOG PRIVATE LIMITED | G68: Naseem Makkar
... A77: 0015g00001XKKMAAA5 | B77: CHHITAR MAL PURUSHOTTAM DAS | C77: UTTAR PRADESH | D77: MATHURA | E77: Mathura | F77: DINESH STEEL PRIVATE LIMITED | G77: Pankaj Garg
A78: 001J100000JrSC0IAN | B78: JINDAL STEEL & INFRA LINES | C78: RAJASTHAN | D78: JAIPUR | F78: J P ALLOYS | G78: Pushpendra Kumar
A79: 001J100000JM6xzIAD | B79: SHUBHAM TRADING CO | C79: HARYANA | D79: HISAR | E79: Hisar | F79: PAL CEMENT AND STEEL PVT. LTD. | G79: Dinesh Kumar
A80: 0015g00001XanN4AAJ | B80: M/S VAISHNAVI TRADING CORPORATION | C80: UTTAR PRADESH | D80: LUCKNOW | E80: Sarojini Nagar | F80: SHREE LAKSHMAN ROLLING MILL (INDIA) LLP | G80: Deepanshu
A81: 0015g00001UBHaJAAX | B81: SHREE SHYAM STEEL | C81: HARYANA | D81: GURUGRAM | E81: Gurugram | F81: NIKUNJ UDYOG | G81: Shiv Shankar Sharma
A82: 001J100000DqPBgIAN | B82: SHREE BALAJI ENTERPRISES | C82: UTTAR PRADESH | D82: SHAMLI | E82: Shamli | F82: OPTRIX INFRA LLP | G82: SHIV KUMAR
A83: 001J100000JrJwqIAF | B83: JP STEEL TUBES & PIPES PRIVATE LIMITED | C83: RAJASTHAN | D83: JAIPUR | F83: J P ALLOYS | G83: Mukesh Agarwal
A84: 001J1000005ZqvLIAS | B84: J P STEEL CO | C84: RAJASTHAN | D84: JAIPUR | E84: Jaipur | F84: J P ALLOYS | G84: Amit Kumar Sharma
A85: 001J100000BadzzIAB | B85: HINGLAJ IRON STORE | C85: RAJASTHAN | D85: BARMER | E85: Barmer | F85: M R Associates | G85: Neeraj Sharma
A86: 0015g00001f8tNYAAY | B86: KABRA IRON AGENCIES | C86: RAJASTHAN | D86: JODHPUR | E86: Jodhpur | F86: M R Associates | G86: Neeraj Sharma
A87: 0015g00001f8ua5AAA | B87: ROOP STEEL TRADING COMPANY | C87: RAJASTHAN | D87: JODHPUR | E87: Jodhpur | F87: M R Associates | G87: Neeraj Sharma
A88: 001J100000JsZI8IAN | B88: PRATEEK TRADERS | C88: HARYANA | D88: PANIPAT | E88: Panipat | F88: JAI DURGA STEELS | G88: Sunny Bhutani
A89: 001J1000007opyJIAQ | B89: CITY BUILDER | C89: HARYANA | D89: ROHTAK | E89: Rohtak | F89: JAI DURGA STEELS | G89: Sunny Bhutani
A90: 0015g00001VBCeyAAH | B90: SURAJ BHAN NIRANIA SALES COP. | C90: HARYANA | D90: BHIWANI | E90: Bhiwani | F90: PAL CEMENT AND STEEL PVT. LTD. | G90: Dinesh Kumar
A91: 0015g00001UBHacAAH | B91: SHIVAAY BUILDING SOLUTION | C91: HARYANA | D91: GURUGRAM | E91: Gurugram | F91: NIKUNJ UDYOG | G91: Shiv Shankar Sharma
A92: 0015g00001UBHaVAAX | B92: STEEL BAZAAR | C92: HARYANA | D92: GURUGRAM | E92: Gurugram | F92: NIKUNJ UDYOG | G92: Shiv Shankar Sharma
A93: 0015g00001V9SR4AAN | B93: M/S PURVANCHAL TRADERS | C93: UTTAR PRADESH | D93: AZAMGARH | E93: Noida | F93: SHASHI STEELS CORPORATION | G93: Abhijeet Biswas
A94: 001J1000002itoeIAA | B94: BHARAT TRADERS | C94: RAJASTHAN | D94: UDAIPUR | E94: Girwa | F94: J P ALLOYS | G94: Pushpendra Kumar
A95: 0015g00001X2hUaAAJ | B95: CHOPRA ENTERPRISES | C95: HARYANA | D95: GURUGRAM | E95: Gurugram | F95: NIKUNJ UDYOG | G95: Shiv Shankar Sharma
... A101: 0015g00001dZAZhAAO | B101: BHAGWATI IRON STORE | C101: HARYANA | D101: KARNAL | E101: Gharaunda | F101: RAMDOOT UDHYOG PRIVATE LIMITED | G101: Naseem Makkar
A102: 001J100000RyJQuIAN | B102: SKYLINE EXCHANGE | C102: UTTAR PRADESH | D102: GHAZIABAD | F102: OPTRIX INFRA LLP | G102: Aashish Goyal
A103: 001J100000RyInrIAF | B103: CORE COMMERCE | C103: UTTAR PRADESH | D103: GAUTAM BUDDHA NAGAR | F103: OPTRIX INFRA LLP | G103: Aashish Goyal
A104: 0015g00001VCA6uAAH | B104: KRISHNA STEELS | C104: HARYANA | D104: FARIDABAD | E104: Ballabgarh | F104: NIKUNJ UDYOG | G104: Rahul Chauhan
A105: 0015g00001TDCVRAA5 | B105: NARENDRA STEELS | C105: UTTAR PRADESH | D105: GAUTAM BUDDHA NAGAR | E105: Ghaziabad | F105: OPTRIX INFRA LLP | G105: Aashish Goyal
A106: 001J1000007nr5tIAA | B106: KASUBHAIWALA STEELS | C106: RAJASTHAN | D106: UDAIPUR | E106: Bhinder | F106: J P ALLOYS | G106: Pushpendra Kumar
A107: 0015g00001X375AAAR | B107: TRIVENI STEELS | C107: UTTAR PRADESH | D107: GHAZIABAD | F107: OPTRIX INFRA LLP | G107: Aashish Goyal
A108: 001J100000TrRgTIAV | B108: S K ISPAT | C108: UTTAR PRADESH | D108: GHAZIABAD | F108: OPTRIX INFRA LLP | G108: Aashish Goyal
A109: 001J1000002j9b1IAA | B109: VARDHMAN STEELS | C109: HARYANA | D109: AMBALA | E109: Ambala Cantt | F109: RAMDOOT UDHYOG PRIVATE LIMITED | G109: Deepak Dhiman
A110: 001J100000S1Y9OIAV | B110: JYOTI PARSAD SUBHASH CHAND | C110: HARYANA | D110: KAITHAL | E110: Kaithal | F110: RAMDOOT UDHYOG PRIVATE LIMITED | G110: Naseem Makkar
A111: 001J100000Tr5O0IAJ | B111: ARUN TRADING AGENCY | C111: HARYANA | D111: YAMUNANAGAR | E111: Jagadhri | F111: RAMDOOT UDHYOG PRIVATE LIMITED | G111: Naseem Makkar
A112: 0015g00001TEQEcAAP | B112: M/S KRISHNA STEELS | C112: UTTAR PRADESH | D112: GHAZIABAD | E112: Ghaziabad | F112: OPTRIX INFRA LLP | G112: Aashish Goyal
A113: 0015g00001W2vQsAAJ | B113: KIRTI SALES | C113: HARYANA | D113: KURUKSHETRA | E113: Shahabad | F113: RAMDOOT UDHYOG PRIVATE LIMITED | G113: Naseem Makkar
A114: 001J1000002j9o0IAA | B114: GANESHAAY METALS PRIVATE LIMITED | C114: RAJASTHAN | D114: RAJSAMAND | E114: Rajsamand | F114: J P ALLOYS | G114: Pushpendra Kumar
A115: 001J100000TuCVlIAN | B115: MISHRA BUILDING SOLUTIONS | C115: UTTAR PRADESH | D115: VARANASI | F115: GLOBAL IRONTRADING PVT. LTD. | G115: Divyansh Dhawal
A116: 0015g00001VBoaFAAT | B116: M/S BHARAT TRADING CO | C116: HARYANA | D116: SONIPAT | F116: JAI DURGA STEELS | G116: Sunny Bhutani
A117: 001J100000VncyvIAB | B117: A.K. KHOKHAR TRADING COMPANY | C117: HARYANA | D117: ROHTAK | F117: JAI DURGA STEELS | G117: Sunny Bhutani
A118: 001J100000S0iyoIAB | B118: RAJASTHAN STEELS | C118: RAJASTHAN | D118: JODHPUR | F118: M R Associates | G118: Neeraj Sharma
A119: 001J1000002keZHIAY | B119: JMB & CO. | C119: RAJASTHAN | D119: JAISALMER | E119: Jaisalmer | F119: M R Associates | G119: Neeraj Sharma
A120: 0015g00001Y5BXMAA3 | B120: AGGARWAL CEMENT AND BUILDING MATERIAL | C120: HARYANA | D120: HISAR | F120: PAL CEMENT AND STEEL PVT. LTD. | G120: Varun Arora
A121: 001J100000RyMZIIA3 | B121: KANHA G TRADERS | C121: HARYANA | D121: CHARKI DADRI | F121: PAL CEMENT AND STEEL PVT. LTD. | G121: Dinesh Kumar
A122: 001J100000RU7ygIAD | B122: GANPATI STEELS | C122: HARYANA | D122: JIND | F122: PAL CEMENT AND STEEL PVT. LTD. | G122: Dinesh Kumar
A123: 0015g00001ge8xOAAQ | B123: SHREE SALASAR TRADING CO | C123: HARYANA | D123: HISAR | E123: Hansi | F123: PAL CEMENT AND STEEL PVT. LTD. | G123: Dinesh Kumar
A124: 0015g00001W4W5gAAF | B124: RIDHI STEEL BUILDWELL INFRA | C124: HARYANA | D124: PANCHKULA | E124: Panchkula | F124: RAMDOOT UDHYOG PRIVATE LIMITED | G124: Sushant Abrol
A125: 0015g00001W4JBdAAN | B125: M/S ROHIT CEMENT AGENCY | C125: UTTAR PRADESH | D125: GAUTAM BUDDHA NAGAR | E125: Noida | F125: SHASHI STEELS CORPORATION | G125: Abhijeet Biswas
A126: 001J100000TufdAIAR | B126: M/S M L IRON PRIVATE LIMITED | C126: UTTAR PRADESH | D126: GHAZIABAD | F126: SHASHI STEELS CORPORATION | G126: Abhijeet Biswas
A127: 001J100000Vn2GAIAZ | B127: M/S OM SHAKTI ENTERPRISES | C127: UTTAR PRADESH | D127: LUCKNOW | F127: SHREE LAKSHMAN ROLLING MILL (INDIA) LLP | G127: Deepanshu
A128: 001J100000Vm7LjIAJ | B128: M/S SINGHAL ENTERPRISES | C128: UTTAR PRADESH | D128: AGRA | F128: DINESH STEEL PRIVATE LIMITED | G128: Pankaj Garg
A129: 001J100000VlTsDIAV | B129: KESHAV STEELS | C129: UTTAR PRADESH | D129: VARANASI | F129: GLOBAL IRONTRADING PVT. LTD. | G129: Divyansh Dhawal
A130: 001J1000007no3KIAQ | B130: SANWARIYA IRON STORE | C130: RAJASTHAN | D130: CHITTORGARH | F130: J P ALLOYS | G130: Pushpendra Kumar
A131: 0015g00001RKokNAAT | B131: BANARSI DASS JAI BHAGWAN | C131: HARYANA | D131: JIND | F131: PAL CEMENT AND STEEL PVT. LTD. | G131: Dinesh Kumar
A132: 001J100000RyGCMIA3 | B132: CHOUDHARY CEMENT STORE | C132: HARYANA | D132: BHIWANI | F132: PAL CEMENT AND STEEL PVT. LTD. | G132: Dinesh Kumar
A133: 001J100000TtFXnIAN | B133: R. S. BUILDING MATERIAL | C133: HARYANA | D133: SIRSA | F133: PAL CEMENT AND STEEL PVT. LTD. | G133: Varun Arora
A134: 0015g00001VCBRvAAP | B134: SHIVA TRADING | C134: HARYANA | D134: AMBALA | F134: RAMDOOT UDHYOG PRIVATE LIMITED | G134: Deepak Dhiman
A135: 0015g00001V9SNmAAN | B135: M/S TANEJA IRON SYNDICATE | C135: UTTAR PRADESH | D135: GAUTAM BUDDHA NAGAR | F135: SHASHI STEELS CORPORATION | G135: Abhijeet Biswas
A136: 001J100000VnUYOIA3 | B136: PROFICIENT INDIA & CO. | C136: UTTAR PRADESH | D136: GHAZIABAD | F136: OPTRIX INFRA LLP | G136: Aashish Goyal
A137: 0015g00001dWeTkAAK | B137: M/S SANGAM STEEL | C137: UTTAR PRADESH | D137: LALITPUR | E137: 0 | F137: SHREE LAKSHMAN ROLLING MILL (INDIA) LLP | G137: Ashutosh Shukla
A138: 001J100000VlZTtIAN | B138: KHANDELWAL STEELS | C138: HARYANA | D138: GURUGRAM | E138: 0 | F138: NIKUNJ UDYOG | G138: Shiv Shankar Sharma
A139: 001J100000Vnm0iIAB | B139: M/S JAISWAL STEEL CORPORATION | C139: UTTAR PRADESH | D139: GORAKHPUR | E139: 0 | F139: GOBINDGARH IRON LLP | G139: Mohd Ansari
A140: 0015g00001V9ThqAAF | B140: NAVEEN TRADING COMPANY | C140: HARYANA | D140: ROHTAK | E140: Rohak | F140: JAI DURGA STEELS | G140: Sunny Bhutani
A141: 001J100000JruCNIAZ | B141: LALIT IRON STORE | C141: HARYANA | D141: ROHTAK | E141: 0 | F141: JAI DURGA STEELS | G141: Sunny Bhutani
A142: 001J100000VnnYIIAZ | B142: KHATU SHYAM ENTERPRISES | C142: HARYANA | D142: FATEHABAD | E142: 0 | F142: PAL CEMENT AND STEEL PVT. LTD. | G142: Varun Arora
A143: 001J100000VlGMhIAN | B143: PRATHAM STEELS | C143: UTTAR PRADESH | D143: GAUTAM BUDDHA NAGAR | E143: Ghaziabad | F143: OPTRIX INFRA LLP | G143: Aashish Goyal
A144: 001fw000001QzQhAAK | B144: KRISHNA INDUSTRIES | C144: UTTAR PRADESH | D144: GHAZIABAD | E144: 0 | F144: OPTRIX INFRA LLP | G144: Aashish Goyal
A145: 001J100000Vo9dAIAR | B145: KHANDELWAL METAL INDUSTRIES INDIA PVT. LTD. | C145: UTTAR PRADESH | D145: BAREILLY | E145: 0 | F145: Khandelwal Associates | G145: SHIV KUMAR
A146: 0015g00001YQ2PaAAL | B146: OM PARKASH LAJPAT RAI (OMI LOHIA) | C146: HARYANA | D146: JIND | E146: Safidon | F146: PAL CEMENT AND STEEL PVT. LTD. | G146: Dinesh Kumar
A147: 0015g00001FhMmfAAF | B147: SURYA STEELS | C147: UTTAR PRADESH | D147: GAUTAM BUDDHA NAGAR | E147: Ghaziabad | F147: OPTRIX INFRA LLP | G147: Aashish Goyal
A148: 0015g00001c4QhrAAE | B148: RAJ STEELS | C148: RAJASTHAN | D148: NAGAUR | E148: Nagaur | F148: Swastik Tradevision Pvt. Ltd. | G148: Ravi Kumar Kulmi
A149: 0015g00001UBHhrAAH | B149: GOYAL TRADERS | C149: RAJASTHAN | D149: KARAULI | E149: Hindaun | F149: Swastik Tradevision Pvt. Ltd. | G149: Ravi Kumar Kulmi
A150: 001fw000003UEWuAAO | B150: SHRI MADAN LAL ASSOCIATES LLP | C150: HARYANA | D150: KARNAL | E150: 0 | F150: RAMDOOT UDHYOG PRIVATE LIMITED | G150: Naseem Makkar
A151: 001fw000006wnmWAAQ | B151: M/S JAI HANUMAN STEELS AND BUILDCON | C151: UTTAR PRADESH | D151: MUZAFFARNAGAR | E151: 0 | F151: OPTRIX INFRA LLP | G151: Dinesh Mohan
A152: 0015g00001eBlXpAAK | B152: JAIN STEELS | C152: HARYANA | D152: YAMUNANAGAR | E152: Jagadhri | F152: RAMDOOT UDHYOG PRIVATE LIMITED | G152: Naseem Makkar
A153: 001fw00000A56tkAAB | B153: SHRI SHYAM ENTERPRISES | C153: HARYANA | D153: ROHTAK | E153: 0 | F153: JAI DURGA STEELS | G153: Sunny Bhutani
A154: 001fw00000F29L9AAJ | B154: M.R. TRADERS | C154: HARYANA | D154: FATEHABAD | E154: 0 | F154: PAL CEMENT AND STEEL PVT. LTD. | G154: Varun Arora
A155: 001fw00000FJfjbAAD | B155: RAJEEV TRADERS | C155: UTTAR PRADESH | D155: BAREILLY | E155: 0 | F155: Khandelwal Associates | G155: SHIV KUMAR
...
